Node Name,Lower Bound,Completion Time,Unassigned Count,Unassigned Parts
Root_0,53.635414,27.177760,10,"1;2;3;4;5;6;7;8;9;10"
Root_1,0.000000,12.229600,10,"0;2;3;4;5;6;7;8;9;10"
Root_2,59.845206,31.807360,9,"2;3;4;5;6;7;8;9;10"
Root_3,0.000000,5.025920,10,"0;1;3;4;5;6;7;8;9;10"
Root_4,55.581110,28.103680,9,"1;3;4;5;6;7;8;9;10"
Root_5,0.000000,13.155520,9,"0;3;4;5;6;7;8;9;10"
Root_6,61.563766,32.733280,8,"3;4;5;6;7;8;9;10"
Root_7,0.000000,8.813568,10,"0;1;2;4;5;6;7;8;9;10"
Root_8,51.326742,29.091328,9,"1;2;4;5;6;7;8;9;10"
Root_9,0.000000,14.143168,9,"0;2;4;5;6;7;8;9;10"
Root_10,61.259990,33.720928,8,"2;4;5;6;7;8;9;10"
Root_11,0.000000,9.739488,9,"0;1;4;5;6;7;8;9;10"
Root_12,54.094678,30.017248,8,"1;4;5;6;7;8;9;10"
Root_13,0.000000,15.069088,8,"0;4;5;6;7;8;9;10"
Root_14,61.990902,34.646848,7,"4;5;6;7;8;9;10"
Root_15,0.000000,7.722208,10,"0;1;2;3;5;6;7;8;9;10"
Root_16,64.504406,29.399968,9,"1;2;3;5;6;7;8;9;10"
Root_17,0.000000,14.451808,9,"0;2;3;5;6;7;8;9;10"
Root_18,72.842550,34.029568,8,"2;3;5;6;7;8;9;10"
Root_19,0.000000,8.648128,9,"0;1;3;5;6;7;8;9;10"
Root_20,66.356246,30.325888,8,"1;3;5;6;7;8;9;10"
Root_21,0.000000,15.377728,8,"0;3;5;6;7;8;9;10"
Root_22,72.338902,34.955488,7,"3;5;6;7;8;9;10"
Root_23,0.000000,11.035776,9,"0;1;2;5;6;7;8;9;10"
Root_24,63.017974,31.313536,8,"1;2;5;6;7;8;9;10"
Root_25,0.000000,16.365376,8,"0;2;5;6;7;8;9;10"
Root_26,74.257334,35.943136,7,"2;5;6;7;8;9;10"
Root_27,0.000000,11.961696,8,"0;1;5;6;7;8;9;10"
Root_28,64.869814,32.239456,7,"1;5;6;7;8;9;10"
Root_29,0.000000,17.291296,7,"0;5;6;7;8;9;10"
Root_30,73.635094,36.869056,6,"5;6;7;8;9;10"
Root_31,0.000000,6.343200,10,"0;1;2;3;4;6;7;8;9;10"
Root_32,61.109366,28.720960,9,"1;2;3;4;6;7;8;9;10"
Root_33,0.000000,13.772800,9,"0;2;3;4;6;7;8;9;10"
Root_34,68.768502,33.350560,8,"2;3;4;6;7;8;9;10"
Root_35,0.000000,7.269120,9,"0;1;3;4;6;7;8;9;10"
Root_36,62.961206,29.646880,8,"1;3;4;6;7;8;9;10"
Root_37,0.000000,14.698720,8,"0;3;4;6;7;8;9;10"
Root_38,68.943862,34.276480,7,"3;4;6;7;8;9;10"
Root_39,0.000000,10.356768,9,"0;1;2;4;6;7;8;9;10"
Root_40,59.622934,30.634528,8,"1;2;4;6;7;8;9;10"
Root_41,0.000000,15.686368,8,"0;2;4;6;7;8;9;10"
Root_42,70.183286,35.264128,7,"2;4;6;7;8;9;10"
Root_43,0.000000,11.282688,8,"0;1;4;6;7;8;9;10"
Root_44,61.474774,31.560448,7,"1;4;6;7;8;9;10"
Root_45,0.000000,16.612288,7,"0;4;6;7;8;9;10"
Root_46,69.561046,36.190048,6,"4;6;7;8;9;10"
Root_47,0.000000,9.265408,9,"0;1;2;3;6;7;8;9;10"
Root_48,72.741494,30.943168,8,"1;2;3;6;7;8;9;10"
Root_49,0.000000,15.995008,8,"0;2;3;6;7;8;9;10"
Root_50,82.101750,35.572768,7,"2;3;6;7;8;9;10"
Root_51,0.000000,10.191328,8,"0;1;3;6;7;8;9;10"
Root_52,73.667414,31.869088,7,"1;3;6;7;8;9;10"
Root_53,0.000000,16.920928,7,"0;3;6;7;8;9;10"
Root_54,80.553590,36.498688,6,"3;6;7;8;9;10"
Root_55,0.000000,12.578976,8,"0;1;2;6;7;8;9;10"
Root_56,71.511798,32.856736,7,"1;2;6;7;8;9;10"
Root_57,0.000000,17.908576,7,"0;2;6;7;8;9;10"
Root_58,83.516534,37.486336,6,"2;6;7;8;9;10"
Root_59,0.000000,13.504896,7,"0;1;6;7;8;9;10"
Root_60,72.180982,33.782656,6,"1;6;7;8;9;10"
Root_61,0.000000,18.834496,6,"0;6;7;8;9;10"
Root_62,82.894294,38.412256,5,"6;7;8;9;10"
Root_63,0.000000,7.225910,10,"0;1;2;3;4;5;7;8;9;10"
Root_64,65.522918,29.603670,9,"1;2;3;4;5;7;8;9;10"
Root_65,0.000000,14.655510,9,"0;2;3;4;5;7;8;9;10"
Root_66,74.064765,34.233270,8,"2;3;4;5;7;8;9;10"
Root_67,0.000000,8.151830,9,"0;1;3;4;5;7;8;9;10"
Root_68,67.374758,30.529590,8,"1;3;4;5;7;8;9;10"
Root_69,0.000000,15.581430,8,"0;3;4;5;7;8;9;10"
Root_70,73.357414,35.159190,7,"3;4;5;7;8;9;10"
Root_71,0.000000,11.239478,9,"0;1;2;4;5;7;8;9;10"
Root_72,64.036486,31.517238,8,"1;2;4;5;7;8;9;10"
Root_73,0.000000,16.569078,8,"0;2;4;5;7;8;9;10"
Root_74,75.479549,36.146838,7,"2;4;5;7;8;9;10"
Root_75,0.000000,12.165398,8,"0;1;4;5;7;8;9;10"
Root_76,65.888326,32.443158,7,"1;4;5;7;8;9;10"
Root_77,0.000000,17.494998,7,"0;4;5;7;8;9;10"
Root_78,74.857309,37.072758,6,"4;5;7;8;9;10"
Root_79,0.000000,10.148118,9,"0;1;2;3;5;7;8;9;10"
Root_80,77.967334,31.825878,8,"1;2;3;5;7;8;9;10"
Root_81,0.000000,16.877718,8,"0;2;3;5;7;8;9;10"
Root_82,88.941213,36.455478,7,"2;3;5;7;8;9;10"
Root_83,0.000000,11.074038,8,"0;1;3;5;7;8;9;10"
Root_84,78.741456,32.751798,7,"1;3;5;7;8;9;10"
Root_85,0.604685,17.803638,7,"0;3;5;7;8;9;10"
Root_86,87.393053,37.381398,6,"3;5;7;8;9;10"
Root_87,0.000000,13.461686,8,"0;1;2;5;7;8;9;10"
Root_88,77.468550,33.739446,7,"1;2;5;7;8;9;10"
Root_89,0.000000,18.791286,7,"0;2;5;7;8;9;10"
Root_90,90.355997,38.369046,6,"2;5;7;8;9;10"
Root_91,0.000000,14.387606,7,"0;1;5;7;8;9;10"
Root_92,77.255024,34.665366,6,"1;5;7;8;9;10"
Root_93,0.604685,19.717206,6,"0;5;7;8;9;10"
Root_94,89.733757,39.294966,5,"5;7;8;9;10"
Root_95,0.000000,8.769110,9,"0;1;2;3;4;7;8;9;10"
Root_96,73.556304,31.146870,8,"1;2;3;4;7;8;9;10"
Root_97,0.000000,16.198710,8,"0;2;3;4;7;8;9;10"
Root_98,83.323965,35.776470,7,"2;3;4;7;8;9;10"
Root_99,0.000000,9.695030,8,"0;1;3;4;7;8;9;10"
Root_100,74.482224,32.072790,7,"1;3;4;7;8;9;10"
Root_101,0.000000,17.124630,7,"0;3;4;7;8;9;10"
Root_102,81.775805,36.702390,6,"3;4;7;8;9;10"
Root_103,0.000000,12.782678,8,"0;1;2;4;7;8;9;10"
Root_104,72.530310,33.060438,7,"1;2;4;7;8;9;10"
Root_105,0.000000,18.112278,7,"0;2;4;7;8;9;10"
Root_106,84.738749,37.690038,6,"2;4;7;8;9;10"
Root_107,0.000000,13.708598,7,"0;1;4;7;8;9;10"
Root_108,72.995792,33.986358,6,"1;4;7;8;9;10"
Root_109,0.000000,19.038198,6,"0;4;7;8;9;10"
Root_110,84.116509,38.615958,5,"4;7;8;9;10"
Root_111,0.000000,11.691318,8,"0;1;2;3;7;8;9;10"
Root_112,85.365949,33.369078,7,"1;2;3;7;8;9;10"
Root_113,1.839245,18.420918,7,"0;2;3;7;8;9;10"
Root_114,96.657213,37.998678,6,"2;3;7;8;9;10"
Root_115,0.000000,12.617238,7,"0;1;3;7;8;9;10"
Root_116,84.596870,34.294998,6,"1;3;7;8;9;10"
Root_117,3.944067,19.346838,6,"0;3;7;8;9;10"
Root_118,95.109053,38.924598,5,"3;7;8;9;10"
Root_119,0.439245,15.004886,7,"0;1;2;7;8;9;10"
Root_120,84.867165,35.282646,6,"1;2;7;8;9;10"
Root_121,2.166307,20.334486,6,"0;2;7;8;9;10"
Root_122,98.071997,39.912246,5,"2;7;8;9;10"
Root_123,2.844067,15.930806,6,"0;1;7;8;9;10"
Root_124,83.319005,36.208566,5,"1;7;8;9;10"
Root_125,4.944067,21.260406,5,"0;7;8;9;10"
Root_126,97.449757,40.838166,4,"7;8;9;10"
Root_127,0.000000,9.924672,10,"0;1;2;3;4;5;6;8;9;10"
Root_128,66.269878,30.202432,9,"1;2;3;4;5;6;8;9;10"
Root_129,0.000000,15.254272,9,"0;2;3;4;5;6;8;9;10"
Root_130,74.968566,34.832032,8,"2;3;4;5;6;8;9;10"
Root_131,0.000000,10.850592,9,"0;1;3;4;5;6;8;9;10"
Root_132,67.679798,31.128352,8,"1;3;4;5;6;8;9;10"
Root_133,0.000000,16.180192,8,"0;3;4;5;6;8;9;10"
Root_134,73.662454,35.757952,7,"3;4;5;6;8;9;10"
Root_135,0.000000,11.838240,9,"0;1;2;4;5;6;8;9;10"
Root_136,64.783446,32.116000,8,"1;2;4;5;6;8;9;10"
Root_137,0.000000,17.167840,8,"0;2;4;5;6;8;9;10"
Root_138,76.383350,36.745600,7,"2;4;5;6;8;9;10"
Root_139,0.000000,12.764160,8,"0;1;4;5;6;8;9;10"
Root_140,66.193366,33.041920,7,"1;4;5;6;8;9;10"
Root_141,0.000000,18.093760,7,"0;4;5;6;8;9;10"
Root_142,75.761110,37.671520,6,"4;5;6;8;9;10"
Root_143,0.000000,12.146880,9,"0;1;2;3;5;6;8;9;10"
Root_144,76.393270,32.424640,8,"1;2;3;5;6;8;9;10"
Root_145,0.160384,17.476480,8,"0;2;3;5;6;8;9;10"
Root_146,86.079606,37.054240,7,"2;3;5;6;8;9;10"
Root_147,0.402208,13.072800,8,"0;1;3;5;6;8;9;10"
Root_148,76.568630,33.350560,7,"1;3;5;6;8;9;10"
Root_149,1.802208,18.402400,7,"0;3;5;6;8;9;10"
Root_150,84.531446,37.980160,6,"3;5;6;8;9;10"
Root_151,0.000000,14.060448,8,"0;1;2;5;6;8;9;10"
Root_152,75.894486,34.338208,7,"1;2;5;6;8;9;10"
Root_153,0.160384,19.390048,7,"0;2;5;6;8;9;10"
Root_154,87.494390,38.967808,6,"2;5;6;8;9;10"
Root_155,0.402208,14.986368,7,"0;1;5;6;8;9;10"
Root_156,75.082198,35.264128,6,"1;5;6;8;9;10"
Root_157,2.110752,20.315968,6,"0;5;6;8;9;10"
Root_158,86.872150,39.893728,5,"5;6;8;9;10"
Root_159,0.000000,11.467872,9,"0;1;2;3;4;6;8;9;10"
Root_160,72.998230,31.745632,8,"1;2;3;4;6;8;9;10"
Root_161,0.000000,16.797472,8,"0;2;3;4;6;8;9;10"
Root_162,82.684566,36.375232,7,"2;3;4;6;8;9;10"
Root_163,0.000000,12.393792,8,"0;1;3;4;6;8;9;10"
Root_164,73.852598,32.671552,7,"1;3;4;6;8;9;10"
Root_165,0.444192,17.723392,7,"0;3;4;6;8;9;10"
Root_166,81.136406,37.301152,6,"3;4;6;8;9;10"
Root_167,0.000000,13.381440,8,"0;1;2;4;6;8;9;10"
Root_168,72.499446,33.659200,7,"1;2;4;6;8;9;10"
Root_169,0.000000,18.711040,7,"0;2;4;6;8;9;10"
Root_170,84.099350,38.288800,6,"2;4;6;8;9;10"
Root_171,0.000000,14.307360,7,"0;1;4;6;8;9;10"
Root_172,72.366166,34.585120,6,"1;4;6;8;9;10"
Root_173,0.444192,19.636960,6,"0;4;6;8;9;10"
Root_174,83.477110,39.214720,5,"4;6;8;9;10"
Root_175,1.636768,13.690080,8,"0;1;2;3;6;8;9;10"
Root_176,84.109270,33.967840,7,"1;2;3;6;8;9;10"
Root_177,3.036768,19.019680,7,"0;2;3;6;8;9;10"
Root_178,93.795606,38.597440,6,"2;3;6;8;9;10"
Root_179,3.640352,14.616000,7,"0;1;3;6;8;9;10"
Root_180,82.741430,34.893760,6,"1;3;6;8;9;10"
Root_181,5.740352,19.945600,6,"0;3;6;8;9;10"
Root_182,92.247446,39.523360,5,"3;6;8;9;10"
Root_183,1.862592,15.603648,7,"0;1;2;6;8;9;10"
Root_184,83.610486,35.881408,6,"1;2;6;8;9;10"
Root_185,3.962592,20.933248,6,"0;2;6;8;9;10"
Root_186,95.210390,40.511008,5,"2;6;8;9;10"
Root_187,5.199520,16.529568,6,"0;1;6;8;9;10"
Root_188,82.062326,36.807328,5,"1;6;8;9;10"
Root_189,6.740352,21.859168,5,"0;6;8;9;10"
Root_190,94.588150,41.436928,4,"6;8;9;10"
Root_191,0.000000,12.350582,9,"0;1;2;3;4;5;8;9;10"
Root_192,77.411782,32.628342,8,"1;2;3;4;5;8;9;10"
Root_193,0.364086,17.680182,8,"0;2;3;4;5;8;9;10"
Root_194,87.098118,37.257942,7,"2;3;4;5;8;9;10"
Root_195,0.809613,13.276502,8,"0;1;3;4;5;8;9;10"
Root_196,77.383440,33.554262,7,"1;3;4;5;8;9;10"
Root_197,2.209613,18.606102,7,"0;3;4;5;8;9;10"
Root_198,85.549958,38.183862,6,"3;4;5;8;9;10"
Root_199,0.000000,14.264150,8,"0;1;2;4;5;8;9;10"
Root_200,76.912998,34.541910,7,"1;2;4;5;8;9;10"
Root_201,0.364086,19.593750,7,"0;2;4;5;8;9;10"
Root_202,88.512902,39.171510,6,"2;4;5;8;9;10"
Root_203,0.809613,15.190070,7,"0;1;4;5;8;9;10"
Root_204,75.897008,35.467830,6,"1;4;5;8;9;10"
Root_205,2.721859,20.519670,6,"0;4;5;8;9;10"
Root_206,87.890662,40.097430,5,"4;5;8;9;10"
Root_207,3.510723,14.572790,8,"0;1;2;3;5;8;9;10"
Root_208,90.066022,34.850550,7,"1;2;3;5;8;9;10"
Root_209,5.752538,19.902390,7,"0;2;3;5;8;9;10"
Root_210,99.752358,39.480150,6,"2;3;5;8;9;10"
Root_211,6.409370,15.498710,7,"0;1;3;5;8;9;10"
Root_212,87.815472,35.776470,6,"1;3;5;8;9;10"
Root_213,9.209370,20.828310,6,"0;3;5;8;9;10"
Root_214,98.204198,40.406070,5,"3;5;8;9;10"
Root_215,5.026682,16.486358,7,"0;1;2;5;8;9;10"
Root_216,89.567238,36.764118,6,"1;2;5;8;9;10"
Root_217,6.752538,21.815958,6,"0;2;5;8;9;10"
Root_218,101.167142,41.393718,5,"2;5;8;9;10"
Root_219,8.730362,17.412278,6,"0;1;5;8;9;10"
Root_220,88.019078,37.690038,5,"1;5;8;9;10"
Root_221,9.388483,22.741878,5,"0;5;8;9;10"
Root_222,100.544902,42.319638,4,"5;8;9;10"
Root_223,2.044173,13.893782,8,"0;1;2;3;4;8;9;10"
Root_224,85.127782,34.171542,7,"1;2;3;4;8;9;10"
Root_225,3.573699,19.223382,7,"0;2;3;4;8;9;10"
Root_226,94.814118,38.801142,6,"2;3;4;8;9;10"
Root_227,4.251459,14.819702,7,"0;1;3;4;8;9;10"
Root_228,83.556240,35.097462,6,"1;3;4;8;9;10"
Root_229,6.493338,20.149302,6,"0;3;4;8;9;10"
Root_230,93.265958,39.727062,5,"3;4;8;9;10"
Root_231,2.473699,15.807350,7,"0;1;2;4;8;9;10"
Root_232,84.628998,36.085110,6,"1;2;4;8;9;10"
Root_233,4.573699,21.136950,6,"0;2;4;8;9;10"
Root_234,96.228902,40.714710,5,"2;4;8;9;10"
Root_235,6.014330,16.733270,6,"0;1;4;8;9;10"
Root_236,83.080838,37.011030,5,"1;4;8;9;10"
Root_237,7.351459,22.062870,5,"0;4;8;9;10"
Root_238,95.606662,41.640630,4,"4;8;9;10"
Root_239,9.950000,16.115990,7,"0;1;2;3;8;9;10"
Root_240,96.238822,36.393750,6,"1;2;3;8;9;10"
Root_241,12.166243,21.445590,6,"0;2;3;8;9;10"
Root_242,105.925158,41.023350,5,"2;3;8;9;10"
Root_243,12.340429,17.041910,6,"0;1;3;8;9;10"
Root_244,93.764742,37.319670,5,"1;3;8;9;10"
Root_245,14.703162,22.371510,5,"0;3;8;9;10"
Root_246,104.376998,41.949270,4,"3;8;9;10"
Root_247,11.414509,18.029558,6,"0;1;2;8;9;10"
Root_248,95.740038,38.307318,5,"1;2;8;9;10"
Root_249,12.166243,23.359158,5,"0;2;8;9;10"
Root_250,107.339942,42.936918,4,"2;8;9;10"
Root_251,12.340429,18.955478,5,"0;1;8;9;10"
Root_252,94.191878,39.233238,4,"1;8;9;10"
Root_253,14.303162,24.285078,4,"0;8;9;10"
Root_254,106.717702,43.862838,3,"8;9;10"
Root_255,0.000000,8.729600,10,"0;1;2;3;4;5;6;7;9;10"
Root_256,61.037846,31.807360,9,"1;2;3;4;5;6;7;9;10"
Root_257,0.000000,16.859200,9,"0;2;3;4;5;6;7;9;10"
Root_258,76.816429,36.436960,8,"2;3;4;5;6;7;9;10"
Root_259,0.000000,9.655520,9,"0;1;3;4;5;6;7;9;10"
Root_260,61.830486,32.733280,8,"1;3;4;5;6;7;9;10"
Root_261,0.469024,17.785120,8,"0;3;4;5;6;7;9;10"
Root_262,76.194189,37.362880,7,"3;4;5;6;7;9;10"
Root_263,0.000000,13.443168,9,"0;1;2;4;5;6;7;9;10"
Root_264,61.259990,33.720928,8,"1;2;4;5;6;7;9;10"
Root_265,0.000000,18.772768,8,"0;2;4;5;6;7;9;10"
Root_266,80.144781,38.350528,7,"2;4;5;6;7;9;10"
Root_267,0.000000,14.369088,8,"0;1;4;5;6;7;9;10"
Root_268,61.990902,34.646848,7,"1;4;5;6;7;9;10"
Root_269,0.469024,19.698688,7,"0;4;5;6;7;9;10"
Root_270,80.448461,39.276448,6,"4;5;6;7;9;10"
Root_271,0.000000,12.351808,9,"0;1;2;3;5;6;7;9;10"
Root_272,72.842550,34.029568,8,"1;2;3;5;6;7;9;10"
Root_273,1.765312,19.081408,8,"0;2;3;5;6;7;9;10"
Root_274,92.184109,38.659168,7,"2;3;5;6;7;9;10"
Root_275,0.591232,13.277728,8,"0;1;3;5;6;7;9;10"
Root_276,72.338902,34.955488,7,"1;3;5;6;7;9;10"
Root_277,3.604704,20.007328,7,"0;3;5;6;7;9;10"
Root_278,91.561869,39.585088,6,"3;5;6;7;9;10"
Root_279,1.352864,15.665376,8,"0;1;2;5;6;7;9;10"
Root_280,74.257334,35.943136,7,"1;2;5;6;7;9;10"
Root_281,2.752864,20.994976,7,"0;2;5;6;7;9;10"
Root_282,95.512461,40.572736,6,"2;5;6;7;9;10"
Root_283,3.825600,16.591296,7,"0;1;5;6;7;9;10"
Root_284,73.635094,36.869056,6,"1;5;6;7;9;10"
Root_285,4.604704,21.920896,6,"0;5;6;7;9;10"
Root_286,95.816141,41.498656,5,"5;6;7;9;10"
Root_287,0.000000,10.972800,9,"0;1;2;3;4;6;7;9;10"
Root_288,68.768502,33.350560,8,"1;2;3;4;6;7;9;10"
Root_289,1.086304,18.402400,8,"0;2;3;4;6;7;9;10"
Root_290,86.075629,37.980160,7,"2;3;4;6;7;9;10"
Root_291,0.000000,11.898720,8,"0;1;3;4;6;7;9;10"
Root_292,68.943862,34.276480,7,"1;3;4;6;7;9;10"
Root_293,2.246688,19.328320,7,"0;3;4;6;7;9;10"
Root_294,85.453389,38.906080,6,"3;4;6;7;9;10"
Root_295,0.386304,14.986368,8,"0;1;2;4;6;7;9;10"
Root_296,70.183286,35.264128,7,"1;2;4;6;7;9;10"
Root_297,1.394848,20.315968,7,"0;2;4;6;7;9;10"
Root_298,89.403981,39.893728,6,"2;4;6;7;9;10"
Root_299,1.846688,15.912288,7,"0;1;4;6;7;9;10"
Root_300,69.561046,36.190048,6,"1;4;6;7;9;10"
Root_301,3.246688,21.241888,6,"0;4;6;7;9;10"
Root_302,89.707661,40.819648,5,"4;6;7;9;10"
Root_303,1.208512,13.895008,8,"0;1;2;3;6;7;9;10"
Root_304,82.101750,35.572768,7,"1;2;3;6;7;9;10"
Root_305,5.456448,20.624608,7,"0;2;3;6;7;9;10"
Root_306,100.408877,40.202368,6,"2;3;6;7;9;10"
Root_307,2.491104,14.820928,7,"0;1;3;6;7;9;10"
Root_308,80.553590,36.498688,6,"1;3;6;7;9;10"
Root_309,7.691104,21.550528,6,"0;3;6;7;9;10"
Root_310,99.786637,41.128288,5,"3;6;7;9;10"
Root_311,5.677440,17.208576,7,"0;1;2;6;7;9;10"
Root_312,83.516534,37.486336,6,"1;2;6;7;9;10"
Root_313,5.839264,22.538176,6,"0;2;6;7;9;10"
Root_314,103.737229,42.115936,5,"2;6;7;9;10"
Root_315,7.534432,18.134496,6,"0;1;6;7;9;10"
Root_316,82.894294,38.412256,5,"1;6;7;9;10"
Root_317,7.691104,23.464096,5,"0;6;7;9;10"
Root_318,104.040909,43.041856,4,"6;7;9;10"
Root_319,0.000000,11.855510,9,"0;1;2;3;4;5;7;9;10"
Root_320,74.064765,34.233270,8,"1;2;3;4;5;7;9;10"
Root_321,2.160269,19.285110,8,"0;2;3;4;5;7;9;10"
Root_322,92.610026,38.862870,7,"2;3;4;5;7;9;10"
Root_323,0.094934,12.781430,8,"0;1;3;4;5;7;9;10"
Root_324,73.357414,35.159190,7,"1;3;4;5;7;9;10"
Root_325,4.215715,20.211030,7,"0;3;4;5;7;9;10"
Root_326,91.987786,39.788790,6,"3;4;5;7;9;10"
Root_327,1.760269,15.869078,8,"0;1;2;4;5;7;9;10"
Root_328,75.479549,36.146838,7,"1;2;4;5;7;9;10"
Root_329,3.160269,21.198678,7,"0;2;4;5;7;9;10"
Root_330,95.938378,40.776438,6,"2;4;5;7;9;10"
Root_331,4.436707,16.794998,7,"0;1;4;5;7;9;10"
Root_332,74.857309,37.072758,6,"1;4;5;7;9;10"
Root_333,5.012109,22.124598,6,"0;4;5;7;9;10"
Root_334,96.242058,41.702358,5,"4;5;7;9;10"
Root_335,2.404685,14.777718,8,"0;1;2;3;5;7;9;10"
Root_336,88.941213,36.455478,7,"1;2;3;5;7;9;10"
Root_337,7.604685,21.507318,7,"0;2;3;5;7;9;10"
Root_338,106.655763,41.085078,6,"2;3;5;7;9;10"
Root_339,4.582339,15.703638,7,"0;1;3;5;7;9;10"
Root_340,87.393053,37.381398,6,"1;3;5;7;9;10"
Root_341,10.203331,22.433238,6,"0;3;5;7;9;10"
Root_342,106.033523,42.010998,5,"3;5;7;9;10"
Root_343,7.491222,18.091286,7,"0;1;2;5;7;9;10"
Root_344,90.355997,38.369046,6,"1;2;5;7;9;10"
Root_345,7.604685,23.420886,6,"0;2;5;7;9;10"
Root_346,109.984115,42.998646,5,"2;5;7;9;10"
Root_347,8.417142,19.017206,6,"0;1;5;7;9;10"
Root_348,89.733757,39.294966,5,"1;5;7;9;10"
Root_349,9.803331,24.346806,5,"0;5;7;9;10"
Root_350,110.287795,43.924566,4,"5;7;9;10"
Root_351,0.712214,13.398710,8,"0;1;2;3;4;7;9;10"
Root_352,83.323965,35.776470,7,"1;2;3;4;7;9;10"
Root_353,6.067555,20.828310,7,"0;2;3;4;7;9;10"
Root_354,100.631091,40.406070,6,"2;3;4;7;9;10"
Root_355,1.638134,14.324630,7,"0;1;3;4;7;9;10"
Root_356,81.775805,36.702390,6,"1;3;4;7;9;10"
Root_357,8.166307,21.754230,6,"0;3;4;7;9;10"
Root_358,100.008851,41.331990,5,"3;4;7;9;10"
Root_359,6.288547,17.412278,7,"0;1;2;4;7;9;10"
Root_360,84.738749,37.690038,6,"1;2;4;7;9;10"
Root_361,6.246669,22.741878,6,"0;2;4;7;9;10"
Root_362,103.959443,42.319638,5,"2;4;7;9;10"
Root_363,7.738134,18.338198,6,"0;1;4;7;9;10"
Root_364,84.116509,38.615958,5,"1;4;7;9;10"
Root_365,8.098509,23.667798,5,"0;4;7;9;10"
Root_366,104.263123,43.245558,4,"4;7;9;10"
Root_367,6.784698,16.320918,7,"0;1;2;3;7;9;10"
Root_368,96.657213,37.998678,6,"1;2;3;7;9;10"
Root_369,12.055171,23.050518,6,"0;2;3;7;9;10"
Root_370,113.503997,42.628278,5,"2;3;7;9;10"
Root_371,8.560342,17.246838,6,"0;1;3;7;9;10"
Root_372,95.109053,38.924598,5,"1;3;7;9;10"
Root_373,14.832931,23.976438,5,"0;3;7;9;10"
Root_374,112.881757,43.554198,4,"3;7;9;10"
Root_375,9.439245,19.634486,6,"0;1;2;7;9;10"
Root_376,98.071997,39.912246,5,"1;2;7;9;10"
Root_377,11.655171,24.964086,5,"0;2;7;9;10"
Root_378,116.832349,44.541846,4,"2;7;9;10"
Root_379,11.844067,20.560406,5,"0;1;7;9;10"
Root_380,97.449757,40.838166,4,"1;7;9;10"
Root_381,14.432931,25.890006,4,"0;7;9;10"
Root_382,117.136029,45.467766,3,"7;9;10"
Root_383,1.957792,14.554272,9,"0;1;2;3;4;5;6;9;10"
Root_384,74.968566,34.832032,8,"1;2;3;4;5;6;9;10"
Root_385,3.357792,19.883872,8,"0;2;3;4;5;6;9;10"
Root_386,91.102861,39.461632,7,"2;3;4;5;6;9;10"
Root_387,3.912000,15.480192,8,"0;1;3;4;5;6;9;10"
Root_388,73.662454,35.757952,7,"1;3;4;5;6;9;10"
Root_389,6.012000,20.809792,7,"0;3;4;5;6;9;10"
Root_390,90.480621,40.387552,6,"3;4;5;6;9;10"
Root_391,3.455232,16.467840,8,"0;1;2;4;5;6;9;10"
Root_392,76.383350,36.745600,7,"1;2;4;5;6;9;10"
Root_393,4.357792,21.797440,7,"0;2;4;5;6;9;10"
Root_394,94.431213,41.375200,6,"2;4;5;6;9;10"
Root_395,6.232992,17.393760,7,"0;1;4;5;6;9;10"
Root_396,75.761110,37.671520,6,"1;4;5;6;9;10"
Root_397,6.209632,22.723360,6,"0;4;5;6;9;10"
Root_398,94.734893,42.301120,5,"4;5;6;9;10"
Root_399,8.089984,16.776480,8,"0;1;2;3;5;6;9;10"
Root_400,86.079606,37.054240,7,"1;2;3;5;6;9;10"
Root_401,9.221856,22.106080,7,"0;2;3;5;6;9;10"
Root_402,104.680429,41.683840,6,"2;3;5;6;9;10"
Root_403,9.402208,17.702400,7,"0;1;3;5;6;9;10"
Root_404,84.531446,37.980160,6,"1;3;5;6;9;10"
Root_405,11.999616,23.032000,6,"0;3;5;6;9;10"
Root_406,104.058189,42.609760,5,"3;5;6;9;10"
Root_407,8.089984,18.690048,7,"0;1;2;5;6;9;10"
Root_408,87.494390,38.967808,6,"1;2;5;6;9;10"
Root_409,8.821856,24.019648,6,"0;2;5;6;9;10"
Root_410,108.008781,43.597408,5,"2;5;6;9;10"
Root_411,9.402208,19.615968,6,"0;1;5;6;9;10"
Root_412,86.872150,39.893728,5,"1;5;6;9;10"
Root_413,11.599616,24.945568,5,"0;5;6;9;10"
Root_414,108.835789,44.523328,4,"5;6;9;10"
Root_415,5.890912,16.097472,8,"0;1;2;3;4;6;9;10"
Root_416,82.684566,36.375232,7,"1;2;3;4;6;9;10"
Root_417,7.444192,21.427072,7,"0;2;3;4;6;9;10"
Root_418,98.818861,41.004832,6,"2;3;4;6;9;10"
Root_419,8.336896,17.023392,7,"0;1;3;4;6;9;10"
Root_420,81.136406,37.301152,6,"1;3;4;6;9;10"
Root_421,9.962592,22.352992,6,"0;3;4;6;9;10"
Root_422,98.196621,41.930752,5,"3;4;6;9;10"
Root_423,7.410976,18.011040,7,"0;1;2;4;6;9;10"
Root_424,84.099350,38.288800,6,"1;2;4;6;9;10"
Root_425,7.444192,23.340640,6,"0;2;4;6;9;10"
Root_426,102.147213,42.918400,5,"2;4;6;9;10"
Root_427,8.336896,18.936960,6,"0;1;4;6;9;10"
Root_428,83.477110,39.214720,5,"1;4;6;9;10"
Root_429,9.562592,24.266560,5,"0;4;6;9;10"
Root_430,102.450893,43.844320,4,"4;6;9;10"
Root_431,10.636768,18.319680,7,"0;1;2;3;6;9;10"
Root_432,93.795606,38.597440,6,"1;2;3;6;9;10"
Root_433,13.851456,23.649280,6,"0;2;3;6;9;10"
Root_434,110.929901,43.227040,5,"2;3;6;9;10"
Root_435,12.640352,19.245600,6,"0;1;3;6;9;10"
Root_436,92.247446,39.523360,5,"1;3;6;9;10"
Root_437,17.204416,24.575200,5,"0;3;6;9;10"
Root_438,110.460621,44.152960,4,"3;6;9;10"
Root_439,10.862592,20.233248,6,"0;1;2;6;9;10"
Root_440,95.210390,40.511008,5,"1;2;6;9;10"
Root_441,13.451456,25.562848,5,"0;2;6;9;10"
Root_442,115.398861,45.140608,4,"2;6;9;10"
Root_443,13.640352,21.159168,5,"0;1;6;9;10"
Root_444,94.588150,41.436928,4,"1;6;9;10"
Root_445,16.229216,26.488768,4,"0;6;9;10"
Root_446,116.628461,46.066528,3,"6;9;10"
Root_447,8.293686,16.980182,8,"0;1;2;3;4;5;9;10"
Root_448,87.098118,37.257942,7,"1;2;3;4;5;9;10"
Root_449,9.832963,22.309782,7,"0;2;3;4;5;9;10"
Root_450,104.775613,41.887542,6,"2;3;4;5;9;10"
Root_451,9.809613,17.906102,7,"0;1;3;4;5;9;10"
Root_452,85.549958,38.183862,6,"1;3;4;5;9;10"
Root_453,12.610723,23.235702,6,"0;3;4;5;9;10"
Root_454,104.153373,42.813462,5,"3;4;5;9;10"
Root_455,8.293686,18.893750,7,"0;1;2;4;5;9;10"
Root_456,88.512902,39.171510,6,"1;2;4;5;9;10"
Root_457,9.432963,24.223350,6,"0;2;4;5;9;10"
Root_458,108.230995,43.801110,5,"2;4;5;9;10"
Root_459,9.809613,19.819670,6,"0;1;4;5;9;10"
Root_460,87.890662,40.097430,5,"1;4;5;9;10"
Root_461,12.210723,25.149270,5,"0;4;5;9;10"
Root_462,109.261706,44.727030,4,"4;5;9;10"
Root_463,12.510723,19.202390,7,"0;1;2;3;5;9;10"
Root_464,99.752358,39.480150,6,"1;2;3;5;9;10"
Root_465,17.173392,24.531990,6,"0;2;3;5;9;10"
Root_466,117.082835,44.109750,5,"2;3;5;9;10"
Root_467,15.409370,20.128310,6,"0;1;3;5;9;10"
Root_468,98.204198,40.406070,5,"1;3;5;9;10"
Root_469,20.735258,25.457910,5,"0;3;5;9;10"
Root_470,117.386515,45.035670,4,"3;5;9;10"
Root_471,13.510723,21.115958,6,"0;1;2;5;9;10"
Root_472,101.167142,41.393718,5,"1;2;5;9;10"
Root_473,16.241402,26.445558,5,"0;2;5;9;10"
Root_474,122.970282,46.023318,4,"2;5;9;10"
Root_475,16.288483,22.041878,5,"0;1;5;9;10"
Root_476,100.544902,42.319638,4,"1;5;9;10"
Root_477,19.248826,27.371478,4,"0;5;9;10"
Root_478,124.199882,46.949238,3,"5;9;10"
Root_479,11.044173,18.523382,7,"0;1;2;3;4;9;10"
Root_480,94.814118,38.801142,6,"1;2;3;4;9;10"
Root_481,14.462563,23.852982,6,"0;2;3;4;9;10"
Root_482,110.948413,43.430742,5,"2;3;4;9;10"
Root_483,13.251459,19.449302,6,"0;1;3;4;9;10"
Root_484,93.265958,39.727062,5,"1;3;4;9;10"
Root_485,18.019226,24.778902,5,"0;3;4;9;10"
Root_486,110.682835,44.356662,4,"3;4;9;10"
Root_487,11.473699,20.436950,6,"0;1;2;4;9;10"
Root_488,96.228902,40.714710,5,"1;2;4;9;10"
Root_489,14.062563,25.766550,5,"0;2;4;9;10"
Root_490,115.621075,45.344310,4,"2;4;9;10"
Root_491,14.251459,21.362870,5,"0;1;4;9;10"
Root_492,95.606662,41.640630,4,"1;4;9;10"
Root_493,16.840323,26.692470,4,"0;4;9;10"
Root_494,116.850675,46.270230,3,"4;9;10"
Root_495,18.804410,20.745590,6,"0;1;2;3;9;10"
Root_496,105.925158,41.023350,5,"1;2;3;9;10"
Root_497,24.130298,26.075190,5,"0;2;3;9;10"
Root_498,122.819965,45.652950,4,"2;3;9;10"
Root_499,20.918083,21.671510,5,"0;1;3;9;10"
Root_500,104.376998,41.949270,4,"1;3;9;10"
Root_501,26.908058,27.001110,4,"0;3;9;10"
Root_502,123.123645,46.578870,3,"3;9;10"
Root_503,19.066243,22.659158,5,"0;1;2;9;10"
Root_504,107.339942,42.936918,4,"1;2;9;10"
Root_505,22.643866,27.988758,4,"0;2;9;10"
Root_506,128.954323,47.566518,3,"2;9;10"
Root_507,20.918083,23.585078,4,"0;1;9;10"
Root_508,106.717702,43.862838,3,"1;9;10"
Root_509,25.421626,28.914678,3,"0;9;10"
Root_510,130.676362,48.492438,2,"9;10"
Root_511,0.000000,9.492576,10,"0;1;2;3;4;5;6;7;8;10"
Root_512,52.684758,29.770336,9,"1;2;3;4;5;6;7;8;10"
Root_513,0.000000,14.822176,9,"0;2;3;4;5;6;7;8;10"
Root_514,63.976022,34.399936,8,"2;3;4;5;6;7;8;10"
Root_515,0.000000,10.418496,9,"0;1;3;4;5;6;7;8;10"
Root_516,55.452694,30.696256,8,"1;3;4;5;6;7;8;10"
Root_517,0.000000,15.748096,8,"0;3;4;5;6;7;8;10"
Root_518,64.027926,35.325856,7,"3;4;5;6;7;8;10"
Root_519,0.000000,11.406144,9,"0;1;2;4;5;6;7;8;10"
Root_520,53.111894,31.683904,8,"1;2;4;5;6;7;8;10"
Root_521,0.000000,16.735744,8,"0;2;4;5;6;7;8;10"
Root_522,67.304374,36.313504,7,"2;4;5;6;7;8;10"
Root_523,0.000000,12.332064,8,"0;1;4;5;6;7;8;10"
Root_524,55.879830,32.609824,7,"1;4;5;6;7;8;10"
Root_525,0.000000,17.661664,7,"0;4;5;6;7;8;10"
Root_526,67.608054,37.239424,6,"4;5;6;7;8;10"
Root_527,0.000000,11.714784,9,"0;1;2;3;5;6;7;8;10"
Root_528,64.694454,31.992544,8,"1;2;3;5;6;7;8;10"
Root_529,0.000000,17.044384,8,"0;2;3;5;6;7;8;10"
Root_530,76.973366,36.622144,7,"2;3;5;6;7;8;10"
Root_531,0.000000,12.640704,8,"0;1;3;5;6;7;8;10"
Root_532,66.227830,32.918464,7,"1;3;5;6;7;8;10"
Root_533,0.000000,17.970304,7,"0;3;5;6;7;8;10"
Root_534,76.351126,37.548064,6,"3;5;6;7;8;10"
Root_535,0.000000,13.628352,8,"0;1;2;5;6;7;8;10"
Root_536,66.109238,33.906112,7,"1;2;5;6;7;8;10"
Root_537,0.000000,18.957952,7,"0;2;5;6;7;8;10"
Root_538,80.301718,38.535712,6,"2;5;6;7;8;10"
Root_539,0.000000,14.554272,7,"0;1;5;6;7;8;10"
Root_540,66.654966,34.832032,6,"1;5;6;7;8;10"
Root_541,0.000000,19.883872,6,"0;5;6;7;8;10"
Root_542,80.605398,39.461632,5,"5;6;7;8;10"
Root_543,0.000000,11.035776,9,"0;1;2;3;4;6;7;8;10"
Root_544,60.980950,31.313536,8,"1;2;3;4;6;7;8;10"
Root_545,0.000000,16.365376,8,"0;2;3;4;6;7;8;10"
Root_546,72.899318,35.943136,7,"2;3;4;6;7;8;10"
Root_547,0.000000,11.961696,8,"0;1;3;4;6;7;8;10"
Root_548,62.832790,32.239456,7,"1;3;4;6;7;8;10"
Root_549,0.000000,17.291296,7,"0;3;4;6;7;8;10"
Root_550,72.277078,36.869056,6,"3;4;6;7;8;10"
Root_551,0.000000,12.949344,8,"0;1;2;4;6;7;8;10"
Root_552,62.035190,33.227104,7,"1;2;4;6;7;8;10"
Root_553,0.000000,18.278944,7,"0;2;4;6;7;8;10"
Root_554,76.227670,37.856704,6,"2;4;6;7;8;10"
Root_555,0.000000,13.875264,7,"0;1;4;6;7;8;10"
Root_556,63.259926,34.153024,6,"1;4;6;7;8;10"
Root_557,0.000000,19.204864,6,"0;4;6;7;8;10"
Root_558,76.531350,38.782624,5,"4;6;7;8;10"
Root_559,0.000000,13.257984,8,"0;1;2;3;6;7;8;10"
Root_560,73.548822,33.535744,7,"1;2;3;6;7;8;10"
Root_561,0.000000,18.587584,7,"0;2;3;6;7;8;10"
Root_562,86.232566,38.165344,6,"2;3;6;7;8;10"
Root_563,0.000000,14.183904,7,"0;1;3;6;7;8;10"
Root_564,73.538998,34.461664,6,"1;3;6;7;8;10"
Root_565,0.000000,19.513504,6,"0;3;6;7;8;10"
Root_566,85.610326,39.091264,5,"3;6;7;8;10"
Root_567,0.000000,15.171552,7,"0;1;2;6;7;8;10"
Root_568,74.963606,35.449312,6,"1;2;6;7;8;10"
Root_569,0.000000,20.501152,6,"0;2;6;7;8;10"
Root_570,89.560918,40.078912,5,"2;6;7;8;10"
Root_571,0.127072,16.097472,6,"0;1;6;7;8;10"
Root_572,74.341366,36.375232,5,"1;6;7;8;10"
Root_573,0.000000,21.427072,5,"0;6;7;8;10"
Root_574,89.864598,41.004832,4,"6;7;8;10"
Root_575,0.000000,11.918486,9,"0;1;2;3;4;5;7;8;10"
Root_576,65.916669,32.196246,8,"1;2;3;4;5;7;8;10"
Root_577,0.000000,17.248086,8,"0;2;3;4;5;7;8;10"
Root_578,78.195581,36.825846,7,"2;3;4;5;7;8;10"
Root_579,0.000000,12.844406,8,"0;1;3;4;5;7;8;10"
Root_580,67.246342,33.122166,7,"1;3;4;5;7;8;10"
Root_581,0.000000,18.174006,7,"0;3;4;5;7;8;10"
Root_582,77.573341,37.751766,6,"3;4;5;7;8;10"
Root_583,0.000000,13.832054,8,"0;1;2;4;5;7;8;10"
Root_584,67.331453,34.109814,7,"1;2;4;5;7;8;10"
Root_585,0.000000,19.161654,7,"0;2;4;5;7;8;10"
Root_586,81.523933,38.739414,6,"2;4;5;7;8;10"
Root_587,0.000000,14.757974,7,"0;1;4;5;7;8;10"
Root_588,67.673478,35.035734,6,"1;4;5;7;8;10"
Root_589,0.000000,20.087574,6,"0;4;5;7;8;10"
Root_590,81.827613,39.665334,5,"4;5;7;8;10"
Root_591,0.000000,14.140694,8,"0;1;2;3;5;7;8;10"
Root_592,79.505574,34.418454,7,"1;2;3;5;7;8;10"
Root_593,0.000000,19.470294,7,"0;2;3;5;7;8;10"
Root_594,93.072029,39.048054,6,"2;3;5;7;8;10"
Root_595,0.000000,15.066614,7,"0;1;3;5;7;8;10"
Root_596,78.613040,35.344374,6,"1;3;5;7;8;10"
Root_597,0.604685,20.396214,6,"0;3;5;7;8;10"
Root_598,92.449789,39.973974,5,"3;5;7;8;10"
Root_599,0.083862,16.054262,7,"0;1;2;5;7;8;10"
Root_600,80.920358,36.332022,6,"1;2;5;7;8;10"
Root_601,0.000000,21.383862,6,"0;2;5;7;8;10"
Root_602,96.400381,40.961622,5,"2;5;7;8;10"
Root_603,1.009782,16.980182,6,"0;1;5;7;8;10"
Root_604,80.298118,37.257942,5,"1;5;7;8;10"
Root_605,0.604685,22.309782,5,"0;5;7;8;10"
Root_606,96.704061,41.887542,4,"5;7;8;10"
Root_607,0.000000,13.461686,8,"0;1;2;3;4;7;8;10"
Root_608,74.567334,33.739446,7,"1;2;3;4;7;8;10"
Root_609,0.000000,18.791286,7,"0;2;3;4;7;8;10"
Root_610,87.454781,38.369046,6,"2;3;4;7;8;10"
Root_611,0.000000,14.387606,7,"0;1;3;4;7;8;10"
Root_612,74.353808,34.665366,6,"1;3;4;7;8;10"
Root_613,0.000000,19.717206,6,"0;3;4;7;8;10"
Root_614,86.832541,39.294966,5,"3;4;7;8;10"
Root_615,0.000000,15.375254,7,"0;1;2;4;7;8;10"
Root_616,75.982118,35.653014,6,"1;2;4;7;8;10"
Root_617,0.000000,20.704854,6,"0;2;4;7;8;10"
Root_618,90.783133,40.282614,5,"2;4;7;8;10"
Root_619,0.330774,16.301174,6,"0;1;4;7;8;10"
Root_620,75.359878,36.578934,5,"1;4;7;8;10"
Root_621,0.000000,21.630774,5,"0;4;7;8;10"
Root_622,91.086813,41.208534,4,"4;7;8;10"
Root_623,0.439245,15.683894,7,"0;1;2;3;7;8;10"
Root_624,86.904189,35.961654,6,"1;2;3;7;8;10"
Root_625,1.839245,21.013494,6,"0;2;3;7;8;10"
Root_626,100.788029,40.591254,5,"2;3;7;8;10"
Root_627,2.930499,16.609814,6,"0;1;3;7;8;10"
Root_628,85.356029,36.887574,5,"1;3;7;8;10"
Root_629,3.944067,21.939414,5,"0;3;7;8;10"
Root_630,100.165789,41.517174,4,"3;7;8;10"
Root_631,2.066307,17.597462,6,"0;1;2;7;8;10"
Root_632,88.318973,37.875222,5,"1;2;7;8;10"
Root_633,1.839245,22.927062,5,"0;2;7;8;10"
Root_634,104.116381,42.504822,4,"2;7;8;10"
Root_635,4.844067,18.523382,5,"0;1;7;8;10"
Root_636,87.696733,38.801142,4,"1;7;8;10"
Root_637,3.691085,23.852982,4,"0;7;8;10"
Root_638,104.420061,43.430742,3,"7;8;10"
Root_639,0.000000,12.517248,9,"0;1;2;3;4;5;6;8;10"
Root_640,66.820470,32.795008,8,"1;2;3;4;5;6;8;10"
Root_641,0.000000,17.846848,8,"0;2;3;4;5;6;8;10"
Root_642,79.099382,37.424608,7,"2;3;4;5;6;8;10"
Root_643,0.000000,13.443168,8,"0;1;3;4;5;6;8;10"
Root_644,67.551382,33.720928,7,"1;3;4;5;6;8;10"
Root_645,0.000000,18.772768,7,"0;3;4;5;6;8;10"
Root_646,78.477142,38.350528,6,"3;4;5;6;8;10"
Root_647,0.000000,14.430816,8,"0;1;2;4;5;6;8;10"
Root_648,68.235254,34.708576,7,"1;2;4;5;6;8;10"
Root_649,0.000000,19.760416,7,"0;2;4;5;6;8;10"
Root_650,82.427734,39.338176,6,"2;4;5;6;8;10"
Root_651,0.000000,15.356736,7,"0;1;4;5;6;8;10"
Root_652,67.978518,35.634496,6,"1;4;5;6;8;10"
Root_653,0.000000,20.686336,6,"0;4;5;6;8;10"
Root_654,82.731414,40.264096,5,"4;5;6;8;10"
Root_655,0.000000,14.739456,8,"0;1;2;3;5;6;8;10"
Root_656,77.931510,35.017216,7,"1;2;3;5;6;8;10"
Root_657,0.160384,20.069056,7,"0;2;3;5;6;8;10"
Root_658,90.210422,39.646816,6,"2;3;5;6;8;10"
Root_659,0.402208,15.665376,7,"0;1;3;5;6;8;10"
Root_660,76.440214,35.943136,6,"1;3;5;6;8;10"
Root_661,1.802208,20.994976,6,"0;3;5;6;8;10"
Root_662,89.588182,40.572736,5,"3;5;6;8;10"
Root_663,0.682624,16.653024,7,"0;1;2;5;6;8;10"
Root_664,79.346294,36.930784,6,"1;2;5;6;8;10"
Root_665,0.160384,21.982624,6,"0;2;5;6;8;10"
Root_666,93.538774,41.560384,5,"2;5;6;8;10"
Root_667,2.010752,17.578944,6,"0;1;5;6;8;10"
Root_668,78.724054,37.856704,5,"1;5;6;8;10"
Root_669,1.802208,22.908544,5,"0;5;6;8;10"
Root_670,93.842454,42.486304,4,"5;6;8;10"
Root_671,0.000000,14.060448,8,"0;1;2;3;4;6;8;10"
Root_672,74.536470,34.338208,7,"1;2;3;4;6;8;10"
Root_673,0.000000,19.390048,7,"0;2;3;4;6;8;10"
Root_674,86.815382,38.967808,6,"2;3;4;6;8;10"
Root_675,0.000000,14.986368,7,"0;1;3;4;6;8;10"
Root_676,73.724182,35.264128,6,"1;3;4;6;8;10"
Root_677,0.444192,20.315968,6,"0;3;4;6;8;10"
Root_678,86.193142,39.893728,5,"3;4;6;8;10"
Root_679,0.003616,15.974016,7,"0;1;2;4;6;8;10"
Root_680,75.951254,36.251776,6,"1;2;4;6;8;10"
Root_681,0.000000,21.303616,6,"0;2;4;6;8;10"
Root_682,90.143734,40.881376,5,"2;4;6;8;10"
Root_683,0.929536,16.899936,6,"0;1;4;6;8;10"
Root_684,75.329014,37.177696,5,"1;4;6;8;10"
Root_685,0.444192,22.229536,5,"0;4;6;8;10"
Root_686,90.447414,41.807296,4,"4;6;8;10"
Root_687,1.949024,16.282656,7,"0;1;2;3;6;8;10"
Root_688,85.647510,36.560416,6,"1;2;3;6;8;10"
Root_689,3.036768,21.612256,6,"0;2;3;6;8;10"
Root_690,97.926422,41.190016,5,"2;3;6;8;10"
Root_691,4.878528,17.208576,6,"0;1;3;6;8;10"
Root_692,84.099350,37.486336,5,"1;3;6;8;10"
Root_693,5.740352,22.538176,5,"0;3;6;8;10"
Root_694,97.304182,42.115936,4,"3;6;8;10"
Root_695,3.862592,18.196224,6,"0;1;2;6;8;10"
Root_696,87.062294,38.473984,5,"1;2;6;8;10"
Root_697,3.036768,23.525824,5,"0;2;6;8;10"
Root_698,101.254774,43.103584,4,"2;6;8;10"
Root_699,6.640352,19.122144,5,"0;1;6;8;10"
Root_700,86.440054,39.399904,4,"1;6;8;10"
Root_701,5.340352,24.451744,4,"0;6;8;10"
Root_702,101.587958,44.029504,3,"6;8;10"
Root_703,0.000000,14.943158,8,"0;1;2;3;4;5;8;10"
Root_704,78.950022,35.220918,7,"1;2;3;4;5;8;10"
Root_705,0.364086,20.272758,7,"0;2;3;4;5;8;10"
Root_706,91.228934,39.850518,6,"2;3;4;5;8;10"
Root_707,0.809613,15.869078,7,"0;1;3;4;5;8;10"
Root_708,77.401862,36.146838,6,"1;3;4;5;8;10"
Root_709,2.209613,21.198678,6,"0;3;4;5;8;10"
Root_710,90.606694,40.776438,5,"3;4;5;8;10"
Root_711,0.886326,16.856726,7,"0;1;2;4;5;8;10"
Root_712,80.364806,37.134486,6,"1;2;4;5;8;10"
Root_713,0.364086,22.186326,6,"0;2;4;5;8;10"
Root_714,94.557286,41.764086,5,"2;4;5;8;10"
Root_715,2.621859,17.782646,6,"0;1;4;5;8;10"
Root_716,79.742566,38.060406,5,"1;4;5;8;10"
Root_717,2.209613,23.112246,5,"0;4;5;8;10"
Root_718,94.860966,42.690006,4,"4;5;8;10"
Root_719,4.705690,17.165366,7,"0;1;2;3;5;8;10"
Root_720,91.604262,37.443126,6,"1;2;3;5;8;10"
Root_721,5.752538,22.494966,6,"0;2;3;5;8;10"
Root_722,103.883174,42.072726,5,"2;3;5;8;10"
Root_723,8.409370,18.091286,6,"0;1;3;5;8;10"
Root_724,90.056102,38.369046,5,"1;3;5;8;10"
Root_725,8.388483,23.420886,5,"0;3;5;8;10"
Root_726,103.260934,42.998646,4,"3;5;8;10"
Root_727,6.510723,19.078934,6,"0;1;2;5;8;10"
Root_728,93.019046,39.356694,5,"1;2;5;8;10"
Root_729,5.352538,24.408534,5,"0;2;5;8;10"
Root_730,107.523741,43.986294,4,"2;5;8;10"
Root_731,9.254029,20.004854,5,"0;1;5;8;10"
Root_732,92.396806,40.282614,4,"1;5;8;10"
Root_733,7.988483,25.334454,4,"0;5;8;10"
Root_734,108.739635,44.912214,3,"5;8;10"
Root_735,2.560131,16.486358,7,"0;1;2;3;4;8;10"
Root_736,86.666022,36.764118,6,"1;2;3;4;8;10"
Root_737,3.573699,21.815958,6,"0;2;3;4;8;10"
Root_738,98.944934,41.393718,5,"2;3;4;8;10"
Root_739,5.693338,17.412278,6,"0;1;3;4;8;10"
Root_740,85.117862,37.690038,5,"1;3;4;8;10"
Root_741,6.351459,22.741878,5,"0;3;4;8;10"
Root_742,98.322694,42.319638,4,"3;4;8;10"
Root_743,4.473699,18.399926,6,"0;1;2;4;8;10"
Root_744,88.080806,38.677686,5,"1;2;4;8;10"
Root_745,3.444173,23.729526,5,"0;2;4;8;10"
Root_746,102.273286,43.307286,4,"2;4;8;10"
Root_747,7.251459,19.325846,5,"0;1;4;8;10"
Root_748,87.458566,39.603606,4,"1;4;8;10"
Root_749,5.951459,24.655446,4,"0;4;8;10"
Root_750,102.810173,44.233206,3,"4;8;10"
Root_751,11.414509,18.708566,6,"0;1;2;3;8;10"
Root_752,97.777062,38.986326,5,"1;2;3;8;10"
Root_753,11.204410,24.038166,5,"0;2;3;8;10"
Root_754,110.055974,43.615926,4,"2;3;8;10"
Root_755,12.340429,19.634486,5,"0;1;3;8;10"
Root_756,96.228902,39.912246,4,"1;3;8;10"
Root_757,13.982170,24.964086,4,"0;3;8;10"
Root_758,109.975581,44.541846,3,"3;8;10"
Root_759,11.414509,20.622134,5,"0;1;2;8;10"
Root_760,99.191846,40.899894,4,"1;2;8;10"
Root_761,10.766243,25.951734,4,"0;2;8;10"
Root_762,114.913821,45.529494,3,"2;8;10"
Root_763,12.340429,21.548054,4,"0;1;8;10"
Root_764,98.569606,41.825814,3,"1;8;10"
Root_765,13.495738,26.877654,3,"0;8;10"
Root_766,116.143421,46.455414,2,"8;10"
Root_767,0.000000,14.122176,9,"0;1;2;3;4;5;6;7;10"
Root_768,63.976022,34.399936,8,"1;2;3;4;5;6;7;10"
Root_769,0.000000,19.451776,8,"0;2;3;4;5;6;7;10"
Root_770,83.539821,39.029536,7,"2;3;4;5;6;7;10"
Root_771,0.000000,15.048096,8,"0;1;3;4;5;6;7;10"
Root_772,64.027926,35.325856,7,"1;3;4;5;6;7;10"
Root_773,0.469024,20.377696,7,"0;3;4;5;6;7;10"
Root_774,83.843501,39.955456,6,"3;4;5;6;7;10"
Root_775,0.065344,16.035744,8,"0;1;2;4;5;6;7;10"
Root_776,67.304374,36.313504,7,"1;2;4;5;6;7;10"
Root_777,0.000000,21.365344,7,"0;2;4;5;6;7;10"
Root_778,88.781741,40.943104,6,"2;4;5;6;7;10"
Root_779,0.991264,16.961664,7,"0;1;4;5;6;7;10"
Root_780,67.608054,37.239424,6,"1;4;5;6;7;10"
Root_781,0.469024,22.291264,6,"0;4;5;6;7;10"
Root_782,90.011341,41.869024,5,"4;5;6;7;10"
Root_783,1.439296,16.344384,8,"0;1;2;3;5;6;7;10"
Root_784,76.973366,36.622144,7,"1;2;3;5;6;7;10"
Root_785,1.765312,21.673984,7,"0;2;3;5;6;7;10"
Root_786,98.907501,41.251744,6,"2;3;5;6;7;10"
Root_787,3.504608,17.270304,7,"0;1;3;5;6;7;10"
Root_788,76.351126,37.548064,6,"1;3;5;6;7;10"
Root_789,3.604704,22.599904,6,"0;3;5;6;7;10"
Root_790,99.211181,42.177664,5,"3;5;6;7;10"
Root_791,3.352864,18.257952,7,"0;1;2;5;6;7;10"
Root_792,80.301718,38.535712,6,"1;2;5;6;7;10"
Root_793,1.765312,23.587552,6,"0;2;5;6;7;10"
Root_794,104.149421,43.165312,5,"2;5;6;7;10"
Root_795,5.204704,19.183872,6,"0;1;5;6;7;10"
Root_796,80.605398,39.461632,5,"1;5;6;7;10"
Root_797,3.204704,24.513472,5,"0;5;6;7;10"
Root_798,105.379021,44.091232,4,"5;6;7;10"
Root_799,0.386304,15.665376,8,"0;1;2;3;4;6;7;10"
Root_800,72.899318,35.943136,7,"1;2;3;4;6;7;10"
Root_801,1.086304,20.994976,7,"0;2;3;4;6;7;10"
Root_802,92.799021,40.572736,6,"2;3;4;6;7;10"
Root_803,1.933120,16.591296,7,"0;1;3;4;6;7;10"
Root_804,72.277078,36.869056,6,"1;3;4;6;7;10"
Root_805,2.246688,21.920896,6,"0;3;4;6;7;10"
Root_806,93.102701,41.498656,5,"3;4;6;7;10"
Root_807,1.994848,17.578944,7,"0;1;2;4;6;7;10"
Root_808,76.227670,37.856704,6,"1;2;4;6;7;10"
Root_809,1.086304,22.908544,6,"0;2;4;6;7;10"
Root_810,98.040941,42.486304,5,"2;4;6;7;10"
Root_811,3.846688,18.504864,6,"0;1;4;6;7;10"
Root_812,76.531350,38.782624,5,"1;4;6;7;10"
Root_813,2.012224,23.834464,5,"0;4;6;7;10"
Root_814,99.270541,43.412224,4,"4;6;7;10"
Root_815,5.356448,17.887584,7,"0;1;2;3;6;7;10"
Root_816,86.232566,38.165344,6,"1;2;3;6;7;10"
Root_817,4.839264,23.217184,6,"0;2;3;6;7;10"
Root_818,107.132269,42.794944,5,"2;3;6;7;10"
Root_819,7.534432,18.813504,6,"0;1;3;6;7;10"
Root_820,85.610326,39.091264,5,"1;3;6;7;10"
Root_821,6.834208,24.143104,5,"0;3;6;7;10"
Root_822,107.435949,43.720864,4,"3;6;7;10"
Root_823,6.439264,19.801152,6,"0;1;2;6;7;10"
Root_824,89.560918,40.078912,5,"1;2;6;7;10"
Root_825,4.439264,25.130752,5,"0;2;6;7;10"
Root_826,112.374189,44.708512,4,"2;6;7;10"
Root_827,7.534432,20.727072,5,"0;1;6;7;10"
Root_828,89.864598,41.004832,4,"1;6;7;10"
Root_829,6.347776,26.056672,4,"0;6;7;10"
Root_830,113.603789,45.634432,3,"6;7;10"
Root_831,1.846701,16.548086,8,"0;1;2;3;4;5;7;10"
Root_832,78.195581,36.825846,7,"1;2;3;4;5;7;10"
Root_833,2.160269,21.877686,7,"0;2;3;4;5;7;10"
Root_834,99.333418,41.455446,6,"2;3;4;5;7;10"
Root_835,4.115715,17.474006,7,"0;1;3;4;5;7;10"
Root_836,77.573341,37.751766,6,"1;3;4;5;7;10"
Root_837,4.012109,22.803606,6,"0;3;4;5;7;10"
Root_838,99.637098,42.381366,5,"3;4;5;7;10"
Root_839,3.760269,18.461654,7,"0;1;2;4;5;7;10"
Root_840,81.523933,38.739414,6,"1;2;4;5;7;10"
Root_841,1.969014,23.791254,6,"0;2;4;5;7;10"
Root_842,104.575338,43.369014,5,"2;4;5;7;10"
Root_843,5.612109,19.387574,6,"0;1;4;5;7;10"
Root_844,81.827613,39.665334,5,"1;4;5;7;10"
Root_845,3.612109,24.717174,5,"0;4;5;7;10"
Root_846,105.804938,44.294934,4,"4;5;7;10"
Root_847,7.491222,18.770294,7,"0;1;2;3;5;7;10"
Root_848,93.072029,39.048054,6,"1;2;3;5;7;10"
Root_849,6.704579,24.099894,6,"0;2;3;5;7;10"
Root_850,114.058163,43.677654,5,"2;3;5;7;10"
Root_851,8.417142,19.696214,6,"0;1;3;5;7;10"
Root_852,92.449789,39.973974,5,"1;3;5;7;10"
Root_853,9.482339,25.025814,5,"0;3;5;7;10"
Root_854,114.361843,44.603574,4,"3;5;7;10"
Root_855,7.491222,20.683862,6,"0;1;2;5;7;10"
Root_856,96.400381,40.961622,5,"1;2;5;7;10"
Root_857,6.218147,26.013462,5,"0;2;5;7;10"
Root_858,119.670451,45.591222,4,"2;5;7;10"
Root_859,8.417142,21.609782,5,"0;1;5;7;10"
Root_860,96.704061,41.887542,4,"1;5;7;10"
Root_861,8.995907,26.939382,4,"0;5;7;10"
Root_862,120.900051,46.517142,3,"5;7;10"
Root_863,5.967555,18.091286,7,"0;1;2;3;4;7;10"
Root_864,87.454781,38.369046,6,"1;2;3;4;7;10"
Root_865,5.246669,23.420886,6,"0;2;3;4;7;10"
Root_866,107.354483,42.998646,5,"2;3;4;7;10"
Root_867,7.738134,19.017206,6,"0;1;3;4;7;10"
Root_868,86.832541,39.294966,5,"1;3;4;7;10"
Root_869,7.445315,24.346806,5,"0;3;4;7;10"
Root_870,107.658163,43.924566,4,"3;4;7;10"
Root_871,6.812214,20.004854,6,"0;1;2;4;7;10"
Root_872,90.783133,40.282614,5,"1;2;4;7;10"
Root_873,4.846669,25.334454,5,"0;2;4;7;10"
Root_874,112.596403,44.912214,4,"2;4;7;10"
Root_875,7.738134,20.930774,5,"0;1;4;7;10"
Root_876,91.086813,41.208534,4,"1;4;7;10"
Root_877,6.958883,26.260374,4,"0;4;7;10"
Root_878,113.826003,45.838134,3,"4;7;10"
Root_879,9.439245,20.313494,6,"0;1;2;3;7;10"
Root_880,100.788029,40.591254,5,"1;2;3;7;10"
Root_881,11.334179,25.643094,5,"0;2;3;7;10"
Root_882,120.227389,45.220854,4,"2;3;7;10"
Root_883,11.291085,21.239414,5,"0;1;3;7;10"
Root_884,100.165789,41.517174,4,"1;3;7;10"
Root_885,14.680954,26.569014,4,"0;3;7;10"
Root_886,120.531069,46.146774,3,"3;7;10"
Root_887,9.439245,22.227062,5,"0;1;2;7;10"
Root_888,104.116381,42.504822,4,"1;2;7;10"
Root_889,11.404410,27.556662,4,"0;2;7;10"
Root_890,125.929651,47.134422,3,"2;7;10"
Root_891,11.291085,23.152982,4,"0;1;7;10"
Root_892,104.420061,43.430742,3,"1;7;10"
Root_893,15.108090,28.482582,3,"0;7;10"
Root_894,127.219594,48.060342,2,"7;10"
Root_895,3.134240,17.146848,8,"0;1;2;3;4;5;6;10"
Root_896,79.099382,37.424608,7,"1;2;3;4;5;6;10"
Root_897,3.357792,22.476448,7,"0;2;3;4;5;6;10"
Root_898,97.829814,42.054208,6,"2;3;4;5;6;10"
Root_899,5.912000,18.072768,7,"0;1;3;4;5;6;10"
Root_900,78.477142,38.350528,6,"1;3;4;5;6;10"
Root_901,5.209632,23.402368,6,"0;3;4;5;6;10"
Root_902,98.133494,42.980128,5,"3;4;5;6;10"
Root_903,4.957792,19.060416,7,"0;1;2;4;5;6;10"
Root_904,82.427734,39.338176,6,"1;2;4;5;6;10"
Root_905,2.957792,24.390016,6,"0;2;4;5;6;10"
Root_906,103.365430,43.967776,5,"2;4;5;6;10"
Root_907,6.793696,19.986336,6,"0;1;4;5;6;10"
Root_908,82.731414,40.264096,5,"1;4;5;6;10"
Root_909,4.809632,25.315936,5,"0;4;5;6;10"
Root_910,105.488726,44.893696,4,"4;5;6;10"
Root_911,8.089984,19.369056,7,"0;1;2;3;5;6;10"
Root_912,90.210422,39.646816,6,"1;2;3;5;6;10"
Root_913,8.500864,24.698656,6,"0;2;3;5;6;10"
Root_914,112.597366,44.276416,5,"2;3;5;6;10"
Root_915,9.402208,20.294976,6,"0;1;3;5;6;10"
Root_916,89.588182,40.572736,5,"1;3;5;6;10"
Root_917,11.278624,25.624576,5,"0;3;5;6;10"
Root_918,113.826966,45.202336,4,"3;5;6;10"
Root_919,8.089984,21.282624,6,"0;1;2;5;6;10"
Root_920,93.538774,41.560384,5,"1;2;5;6;10"
Root_921,8.014432,26.612224,5,"0;2;5;6;10"
Root_922,120.493590,46.189984,4,"2;5;6;10"
Root_923,9.402208,22.208544,5,"0;1;5;6;10"
Root_924,93.842454,42.486304,4,"1;5;6;10"
Root_925,11.330336,27.538144,4,"0;5;6;10"
Root_926,122.649110,47.115904,3,"5;6;10"
Root_927,7.410976,18.690048,7,"0;1;2;3;4;6;10"
Root_928,86.815382,38.967808,6,"1;2;3;4;6;10"
Root_929,6.463840,24.019648,6,"0;2;3;4;6;10"
Root_930,105.545814,43.597408,5,"2;3;4;6;10"
Root_931,8.336896,19.615968,6,"0;1;3;4;6;10"
Root_932,86.193142,39.893728,5,"1;3;4;6;10"
Root_933,9.241600,24.945568,5,"0;3;4;6;10"
Root_934,106.372822,44.523328,4,"3;4;6;10"
Root_935,7.410976,20.603616,6,"0;1;2;4;6;10"
Root_936,90.143734,40.881376,5,"1;2;4;6;10"
Root_937,6.044192,25.933216,5,"0;2;4;6;10"
Root_938,112.298710,45.510976,4,"2;4;6;10"
Root_939,8.336896,21.529536,5,"0;1;4;6;10"
Root_940,90.447414,41.807296,4,"1;4;6;10"
Root_941,8.755168,26.859136,4,"0;4;6;10"
Root_942,114.454230,46.436896,3,"4;6;10"
Root_943,10.636768,20.912256,6,"0;1;2;3;6;10"
Root_944,97.926422,41.190016,5,"1;2;3;6;10"
Root_945,13.372320,26.241856,5,"0;2;3;6;10"
Root_946,119.711030,45.819616,4,"2;3;6;10"
Root_947,12.640352,21.838176,5,"0;1;3;6;10"
Root_948,97.304182,42.115936,4,"1;3;6;10"
Root_949,17.076000,27.167776,4,"0;3;6;10"
Root_950,120.940630,46.745536,3,"3;6;10"
Root_951,10.636768,22.825824,5,"0;1;2;6;10"
Root_952,101.254774,43.103584,4,"1;2;6;10"
Root_953,13.799456,28.155424,4,"0;2;6;10"
Root_954,127.854166,47.733184,3,"2;6;10"
Root_955,12.488608,23.751744,4,"0;1;6;10"
Root_956,101.587958,44.029504,3,"1;6;10"
Root_957,17.503136,29.081344,3,"0;6;10"
Root_958,130.668790,48.659104,2,"6;10"
Root_959,8.293686,19.572758,7,"0;1;2;3;4;5;10"
Root_960,91.228934,39.850518,6,"1;2;3;4;5;10"
Root_961,9.111971,24.902358,6,"0;2;3;4;5;10"
Root_962,113.430688,44.480118,5,"2;3;4;5;10"
Root_963,9.809613,20.498678,6,"0;1;3;4;5;10"
Root_964,90.606694,40.776438,5,"1;3;4;5;10"
Root_965,11.889731,25.828278,5,"0;3;4;5;10"
Root_966,114.660288,45.406038,4,"3;4;5;10"
Root_967,8.293686,21.486326,6,"0;1;2;4;5;10"
Root_968,94.557286,41.764086,5,"1;2;4;5;10"
Root_969,8.625539,26.815926,5,"0;2;4;5;10"
Root_970,121.326912,46.393686,4,"2;4;5;10"
Root_971,9.809613,22.412246,5,"0;1;4;5;10"
Root_972,94.860966,42.690006,4,"1;4;5;10"
Root_973,12.145146,27.741846,4,"0;4;5;10"
Root_974,123.482432,47.319606,3,"4;5;10"
Root_975,12.510723,21.794966,6,"0;1;2;3;5;10"
Root_976,103.883174,42.072726,5,"1;2;3;5;10"
Root_977,17.044976,27.124566,5,"0;2;3;5;10"
Root_978,128.402346,46.702326,4,"2;3;5;10"
Root_979,15.288483,22.720886,5,"0;1;3;5;10"
Root_980,103.260934,42.998646,4,"1;3;5;10"
Root_981,20.606842,28.050486,4,"0;3;5;10"
Root_982,129.631946,47.628246,3,"3;5;10"
Root_983,12.402189,23.708534,5,"0;1;2;5;10"
Root_984,107.523741,43.986294,4,"1;2;5;10"
Root_985,17.472112,29.038134,4,"0;2;5;10"
Root_986,136.915850,48.615894,3,"2;5;10"
Root_987,14.254029,24.634454,4,"0;1;5;10"
Root_988,108.739635,44.912214,3,"1;5;10"
Root_989,21.033978,29.964054,3,"0;5;10"
Root_990,139.071370,49.541814,2,"5;10"
Root_991,11.044173,21.115958,6,"0;1;2;3;4;10"
Root_992,98.944934,41.393718,5,"1;2;3;4;10"
Root_993,14.187130,26.445558,5,"0;2;3;4;10"
Root_994,120.340650,46.023318,4,"2;3;4;10"
Root_995,13.251459,22.041878,5,"0;1;3;4;10"
Root_996,98.322694,42.319638,4,"1;3;4;10"
Root_997,17.890810,27.371478,4,"0;3;4;10"
Root_998,121.570250,46.949238,3,"3;4;10"
Root_999,11.044173,23.029526,5,"0;1;2;4;10"
Root_1000,102.273286,43.307286,4,"1;2;4;10"
Root_1001,14.614266,28.359126,4,"0;2;4;10"
Root_1002,128.483786,47.936886,3,"2;4;10"
Root_1003,12.896013,23.955446,4,"0;1;4;10"
Root_1004,102.810173,44.233206,3,"1;4;10"
Root_1005,18.317946,29.285046,3,"0;4;10"
Root_1006,131.502112,48.862806,2,"4;10"
Root_1007,18.066243,23.338166,5,"0;1;2;3;10"
Root_1008,110.055974,43.615926,4,"1;2;3;10"
Root_1009,24.001882,28.667766,4,"0;2;3;10"
Root_1010,133.952906,48.245526,3,"2;3;10"
Root_1011,19.918083,24.264086,4,"0;1;3;10"
Root_1012,109.975581,44.541846,3,"1;3;10"
Root_1013,26.779642,29.593686,3,"0;3;10"
Root_1014,136.108426,49.171446,2,"3;10"
Root_1015,16.414509,25.251734,4,"0;1;2;10"
Root_1016,114.913821,45.529494,3,"1;2;10"
Root_1017,24.429018,30.581334,3,"0;2;10"
Root_1018,144.168704,50.159094,2,"2;10"
Root_1019,17.518083,26.177654,3,"0;1;10"
Root_1020,116.143421,46.455414,2,"1;10"
Root_1021,27.206778,31.507254,2,"0;10"
Root_1022,148.261078,51.085014,1,"10"
Root_1023,0.000000,4.325920,10,"0;1;2;3;4;5;6;7;8;9"
Root_1024,62.004301,28.103680,9,"1;2;3;4;5;6;7;8;9"
Root_1025,0.000000,13.155520,9,"0;2;3;4;5;6;7;8;9"
Root_1026,69.046157,32.733280,8,"2;3;4;5;6;7;8;9"
Root_1027,0.000000,5.951840,9,"0;1;3;4;5;6;7;8;9"
Root_1028,63.856141,29.029600,8,"1;3;4;5;6;7;8;9"
Root_1029,0.000000,14.081440,8,"0;3;4;5;6;7;8;9"
Root_1030,69.138797,33.659200,7,"3;4;5;6;7;8;9"
Root_1031,0.000000,9.739488,9,"0;1;2;4;5;6;7;8;9"
Root_1032,59.817869,30.017248,8,"1;2;4;5;6;7;8;9"
Root_1033,0.000000,15.069088,8,"0;2;4;5;6;7;8;9"
Root_1034,69.760941,34.646848,7,"2;4;5;6;7;8;9"
Root_1035,0.000000,10.665408,8,"0;1;4;5;6;7;8;9"
Root_1036,61.669709,30.943168,7,"1;4;5;6;7;8;9"
Root_1037,0.000000,15.995008,7,"0;4;5;6;7;8;9"
Root_1038,68.865933,35.572768,6,"4;5;6;7;8;9"
Root_1039,0.000000,8.648128,9,"0;1;2;3;5;6;7;8;9"
Root_1040,75.609133,30.325888,8,"1;2;3;5;6;7;8;9"
Root_1041,0.000000,15.377728,8,"0;2;3;5;6;7;8;9"
Root_1042,84.434829,34.955488,7,"2;3;5;6;7;8;9"
Root_1043,0.000000,9.574048,8,"0;1;3;5;6;7;8;9"
Root_1044,76.535053,31.251808,7,"1;3;5;6;7;8;9"
Root_1045,0.000000,16.303648,7,"0;3;5;6;7;8;9"
Root_1046,82.305261,35.881408,6,"3;5;6;7;8;9"
Root_1047,0.000000,11.961696,8,"0;1;2;5;6;7;8;9"
Root_1048,73.762157,32.239456,7,"1;2;5;6;7;8;9"
Root_1049,0.000000,17.291296,7,"0;2;5;6;7;8;9"
Root_1050,85.149613,36.869056,6,"2;5;6;7;8;9"
Root_1051,0.000000,12.887616,7,"0;1;5;6;7;8;9"
Root_1052,74.348621,33.165376,6,"1;5;6;7;8;9"
Root_1053,0.000000,18.217216,6,"0;5;6;7;8;9"
Root_1054,83.827373,37.794976,5,"5;6;7;8;9"
Root_1055,0.000000,7.269120,9,"0;1;2;3;4;6;7;8;9"
Root_1056,70.306669,29.646880,8,"1;2;3;4;6;7;8;9"
Root_1057,0.000000,14.698720,8,"0;2;3;4;6;7;8;9"
Root_1058,78.305357,34.276480,7,"2;3;4;6;7;8;9"
Root_1059,0.000000,8.195040,8,"0;1;3;4;6;7;8;9"
Root_1060,71.572141,30.572800,7,"1;3;4;6;7;8;9"
Root_1061,0.000000,15.624640,7,"0;3;4;6;7;8;9"
Root_1062,76.854797,35.202400,6,"3;4;6;7;8;9"
Root_1063,0.000000,11.282688,8,"0;1;2;4;6;7;8;9"
Root_1064,68.120237,31.560448,7,"1;2;4;6;7;8;9"
Root_1065,0.000000,16.612288,7,"0;2;4;6;7;8;9"
Root_1066,79.020141,36.190048,6,"2;4;6;7;8;9"
Root_1067,0.000000,12.208608,7,"0;1;4;6;7;8;9"
Root_1068,69.385709,32.486368,6,"1;4;6;7;8;9"
Root_1069,0.000000,17.538208,6,"0;4;6;7;8;9"
Root_1070,77.697901,37.115968,5,"4;6;7;8;9"
Root_1071,0.000000,10.191328,8,"0;1;2;3;6;7;8;9"
Root_1072,82.047341,31.869088,7,"1;2;3;6;7;8;9"
Root_1073,0.304832,16.920928,7,"0;2;3;6;7;8;9"
Root_1074,92.638605,36.498688,6,"2;3;6;7;8;9"
Root_1075,0.000000,11.117248,7,"0;1;3;6;7;8;9"
Root_1076,82.078253,32.795008,6,"1;3;6;7;8;9"
Root_1077,2.091104,17.846848,6,"0;3;6;7;8;9"
Root_1078,90.390445,37.424608,5,"3;6;7;8;9"
Root_1079,0.000000,13.504896,7,"0;1;2;6;7;8;9"
Root_1080,80.848557,33.782656,6,"1;2;6;7;8;9"
Root_1081,0.304832,18.834496,6,"0;2;6;7;8;9"
Root_1082,93.353389,38.412256,5,"2;6;7;8;9"
Root_1083,0.691104,14.430816,6,"0;1;6;7;8;9"
Root_1084,79.891821,34.708576,5,"1;6;7;8;9"
Root_1085,2.544096,19.760416,5,"0;6;7;8;9"
Root_1086,92.031149,39.338176,4,"6;7;8;9"
Root_1087,0.000000,8.151830,9,"0;1;2;3;4;5;7;8;9"
Root_1088,75.627645,30.529590,8,"1;2;3;4;5;7;8;9"
Root_1089,0.000000,15.581430,8,"0;2;3;4;5;7;8;9"
Root_1090,84.860746,35.159190,7,"2;3;4;5;7;8;9"
Root_1091,0.000000,9.077750,8,"0;1;3;4;5;7;8;9"
Root_1092,76.553565,31.455510,7,"1;3;4;5;7;8;9"
Root_1093,0.000000,16.507350,7,"0;3;4;5;7;8;9"
Root_1094,82.612586,36.085110,6,"3;4;5;7;8;9"
Root_1095,0.000000,12.165398,8,"0;1;2;4;5;7;8;9"
Root_1096,73.984371,32.443158,7,"1;2;4;5;7;8;9"
Root_1097,0.000000,17.494998,7,"0;2;4;5;7;8;9"
Root_1098,85.575530,37.072758,6,"2;4;5;7;8;9"
Root_1099,0.000000,13.091318,7,"0;1;4;5;7;8;9"
Root_1100,74.367133,33.369078,6,"1;4;5;7;8;9"
Root_1101,0.000000,18.420918,6,"0;4;5;7;8;9"
Root_1102,84.253290,37.998678,5,"4;5;7;8;9"
Root_1103,0.000000,11.074038,8,"0;1;2;3;5;7;8;9"
Root_1104,87.405469,32.751798,7,"1;2;3;5;7;8;9"
Root_1105,2.004685,17.803638,7,"0;2;3;5;7;8;9"
Root_1106,98.453395,37.381398,6,"2;3;5;7;8;9"
Root_1107,0.013462,11.999958,7,"0;1;3;5;7;8;9"
Root_1108,86.553670,33.677718,6,"1;3;5;7;8;9"
Root_1109,4.192227,18.729558,6,"0;3;5;7;8;9"
Root_1110,96.205235,38.307318,5,"3;5;7;8;9"
Root_1111,0.604685,14.387606,7,"0;1;2;5;7;8;9"
Root_1112,86.206685,34.665366,6,"1;2;5;7;8;9"
Root_1113,2.414467,19.717206,6,"0;2;5;7;8;9"
Root_1114,99.168179,39.294966,5,"2;5;7;8;9"
Root_1115,3.135354,15.313526,6,"0;1;5;7;8;9"
Root_1116,84.367238,35.591286,5,"1;5;7;8;9"
Root_1117,5.192227,20.643126,5,"0;5;7;8;9"
Root_1118,97.845939,40.220886,4,"5;7;8;9"
Root_1119,0.000000,9.695030,8,"0;1;2;3;4;7;8;9"
Root_1120,82.269555,32.072790,7,"1;2;3;4;7;8;9"
Root_1121,0.646669,17.124630,7,"0;2;3;4;7;8;9"
Root_1122,92.860819,36.702390,6,"2;3;4;7;8;9"
Root_1123,0.000000,10.620950,7,"0;1;3;4;7;8;9"
Root_1124,82.096765,32.998710,6,"1;3;4;7;8;9"
Root_1125,2.498509,18.050550,6,"0;3;4;7;8;9"
Root_1126,90.612659,37.628310,5,"3;4;7;8;9"
Root_1127,0.000000,13.708598,7,"0;1;2;4;7;8;9"
Root_1128,81.070771,33.986358,6,"1;2;4;7;8;9"
Root_1129,0.646669,19.038198,6,"0;2;4;7;8;9"
Root_1130,93.575603,38.615958,5,"2;4;7;8;9"
Root_1131,1.098509,14.634518,6,"0;1;4;7;8;9"
Root_1132,79.910333,34.912278,5,"1;4;7;8;9"
Root_1133,3.155203,19.964118,5,"0;4;7;8;9"
Root_1134,92.253363,39.541878,4,"4;7;8;9"
Root_1135,0.891085,12.617238,7,"0;1;2;3;7;8;9"
Root_1136,95.121469,34.294998,6,"1;2;3;7;8;9"
Root_1137,6.369744,19.346838,6,"0;2;3;7;8;9"
Root_1138,105.712733,38.924598,5,"2;3;7;8;9"
Root_1139,2.742925,13.543158,6,"0;1;3;7;8;9"
Root_1140,92.726470,35.220918,5,"1;3;7;8;9"
Root_1141,9.787162,20.272758,5,"0;3;7;8;9"
Root_1142,103.464573,39.850518,4,"3;7;8;9"
Root_1143,5.604474,15.930806,6,"0;1;2;7;8;9"
Root_1144,93.922685,36.208566,5,"1;2;7;8;9"
Root_1145,7.330330,21.260406,5,"0;2;7;8;9"
Root_1146,106.427517,40.838166,4,"2;7;8;9"
Root_1147,9.308154,16.856726,5,"0;1;7;8;9"
Root_1148,91.674525,37.134486,4,"1;7;8;9"
Root_1149,9.821827,22.186326,4,"0;7;8;9"
Root_1150,105.105277,41.764086,3,"7;8;9"
Root_1151,0.000000,10.850592,9,"0;1;2;3;4;5;6;8;9"
Root_1152,73.893165,31.128352,8,"1;2;3;4;5;6;8;9"
Root_1153,0.000000,16.180192,8,"0;2;3;4;5;6;8;9"
Root_1154,82.879501,35.757952,7,"2;3;4;5;6;8;9"
Root_1155,0.000000,11.776512,8,"0;1;3;4;5;6;8;9"
Root_1156,74.664813,32.054272,7,"1;3;4;5;6;8;9"
Root_1157,0.609632,17.106112,7,"0;3;4;5;6;8;9"
Root_1158,80.631341,36.683872,6,"3;4;5;6;8;9"
Root_1159,0.000000,12.764160,8,"0;1;2;4;5;6;8;9"
Root_1160,72.694381,33.041920,7,"1;2;4;5;6;8;9"
Root_1161,0.000000,18.093760,7,"0;2;4;5;6;8;9"
Root_1162,83.594285,37.671520,6,"2;4;5;6;8;9"
Root_1163,0.000000,13.690080,7,"0;1;4;5;6;8;9"
Root_1164,72.478381,33.967840,6,"1;4;5;6;8;9"
Root_1165,0.609632,19.019680,6,"0;4;5;6;8;9"
Root_1166,82.272045,38.597440,5,"4;5;6;8;9"
Root_1167,1.802208,13.072800,8,"0;1;2;3;5;6;8;9"
Root_1168,87.059629,33.350560,7,"1;2;3;5;6;8;9"
Root_1169,3.210752,18.402400,7,"0;2;3;5;6;8;9"
Root_1170,96.045965,37.980160,6,"2;3;5;6;8;9"
Root_1171,3.888512,13.998720,7,"0;1;3;5;6;8;9"
Root_1172,85.609069,34.276480,6,"1;3;5;6;8;9"
Root_1173,6.009408,19.328320,6,"0;3;5;6;8;9"
Root_1174,93.797805,38.906080,5,"3;5;6;8;9"
Root_1175,2.110752,14.986368,7,"0;1;2;5;6;8;9"
Root_1176,85.860845,35.264128,6,"1;2;5;6;8;9"
Root_1177,4.210752,20.315968,6,"0;2;5;6;8;9"
Root_1178,96.760749,39.893728,5,"2;5;6;8;9"
Root_1179,5.530400,15.912288,6,"0;1;5;6;8;9"
Root_1180,83.612685,36.190048,5,"1;5;6;8;9"
Root_1181,6.988512,21.241888,5,"0;5;6;8;9"
Root_1182,95.438509,40.819648,4,"5;6;8;9"
Root_1183,0.444192,12.393792,8,"0;1;2;3;4;6;8;9"
Root_1184,81.609165,32.671552,7,"1;2;3;4;6;8;9"
Root_1185,1.844192,17.723392,7,"0;2;3;4;6;8;9"
Root_1186,90.595501,37.301152,6,"2;3;4;6;8;9"
Root_1187,2.296032,13.319712,7,"0;1;3;4;6;8;9"
Root_1188,80.837613,33.597472,6,"1;3;4;6;8;9"
Root_1189,3.951488,18.649312,6,"0;3;4;6;8;9"
Root_1190,88.347341,38.227072,5,"3;4;6;8;9"
Root_1191,0.444192,14.307360,7,"0;1;2;4;6;8;9"
Root_1192,80.410381,34.585120,6,"1;2;4;6;8;9"
Root_1193,2.173728,19.636960,6,"0;2;4;6;8;9"
Root_1194,91.310285,39.214720,5,"2;4;6;8;9"
Root_1195,2.851488,15.233280,6,"0;1;4;6;8;9"
Root_1196,78.651181,35.511040,5,"1;4;6;8;9"
Root_1197,4.951488,20.562880,5,"0;4;6;8;9"
Root_1198,89.988045,40.140640,4,"4;6;8;9"
Root_1199,5.925376,14.616000,7,"0;1;2;3;6;8;9"
Root_1200,93.720205,34.893760,6,"1;2;3;6;8;9"
Root_1201,9.363552,19.945600,6,"0;2;3;6;8;9"
Root_1202,102.706541,39.523360,5,"2;3;6;8;9"
Root_1203,9.653728,15.541920,6,"0;1;3;6;8;9"
Root_1204,90.726445,35.819680,5,"1;3;6;8;9"
Root_1205,11.618112,20.871520,5,"0;3;6;8;9"
Root_1206,100.458381,40.449280,4,"3;6;8;9"
Root_1207,8.184544,16.529568,6,"0;1;2;6;8;9"
Root_1208,92.521421,36.807328,5,"1;2;6;8;9"
Root_1209,9.725376,21.859168,5,"0;2;6;8;9"
Root_1210,103.421325,41.436928,4,"2;6;8;9"
Root_1211,10.740448,17.455488,5,"0;1;6;8;9"
Root_1212,90.273261,37.733248,4,"1;6;8;9"
Root_1213,11.618112,22.785088,4,"0;6;8;9"
Root_1214,102.099085,42.362848,3,"6;8;9"
Root_1215,2.209613,13.276502,8,"0;1;2;3;4;5;8;9"
Root_1216,87.281843,33.554262,7,"1;2;3;4;5;8;9"
Root_1217,3.821859,18.606102,7,"0;2;3;4;5;8;9"
Root_1218,96.268179,38.183862,6,"2;3;4;5;8;9"
Root_1219,4.499619,14.202422,7,"0;1;3;4;5;8;9"
Root_1220,85.627581,34.480182,6,"1;3;4;5;8;9"
Root_1221,6.824218,19.532022,6,"0;3;4;5;8;9"
Root_1222,94.020019,39.109782,5,"3;4;5;8;9"
Root_1223,2.721859,15.190070,7,"0;1;2;4;5;8;9"
Root_1224,86.083059,35.467830,6,"1;2;4;5;8;9"
Root_1225,4.821859,20.519670,6,"0;2;4;5;8;9"
Root_1226,96.982963,40.097430,5,"2;4;5;8;9"
Root_1227,6.345210,16.115990,6,"0;1;4;5;8;9"
Root_1228,83.834899,36.393750,5,"1;4;5;8;9"
Root_1229,7.599619,21.445590,5,"0;4;5;8;9"
Root_1230,95.660723,41.023350,4,"4;5;8;9"
Root_1231,10.363600,15.498710,7,"0;1;2;3;5;8;9"
Root_1232,98.195622,35.776470,6,"1;2;3;5;8;9"
Root_1233,12.414403,20.828310,6,"0;2;3;5;8;9"
Root_1234,108.070717,40.406070,5,"2;3;5;8;9"
Root_1235,12.505869,16.424630,6,"0;1;3;5;8;9"
Root_1236,95.021542,36.702390,5,"1;3;5;8;9"
Root_1237,15.034042,21.754230,5,"0;3;5;8;9"
Root_1238,105.822557,41.331990,4,"3;5;8;9"
Root_1239,11.579949,17.412278,6,"0;1;2;5;8;9"
Root_1240,96.996838,37.690038,5,"1;2;5;8;9"
Root_1241,12.414403,22.741878,5,"0;2;5;8;9"
Root_1242,108.785501,42.319638,4,"2;5;8;9"
Root_1243,12.505869,18.338198,5,"0;1;5;8;9"
Root_1244,94.748678,38.615958,4,"1;5;8;9"
Root_1245,14.266243,23.667798,4,"0;5;8;9"
Root_1246,107.463261,43.245558,3,"5;8;9"
Root_1247,6.882064,14.819702,7,"0;1;2;3;4;8;9"
Root_1248,93.738717,35.097462,6,"1;2;3;4;8;9"
Root_1249,10.219258,20.149302,6,"0;2;3;4;8;9"
Root_1250,102.725053,39.727062,5,"2;3;4;8;9"
Root_1251,10.604442,15.745622,6,"0;1;3;4;8;9"
Root_1252,90.564637,36.023382,5,"1;3;4;8;9"
Root_1253,12.318010,21.075222,5,"0;3;4;8;9"
Root_1254,100.476893,40.652982,4,"3;4;8;9"
Root_1255,9.203056,16.733270,6,"0;1;2;4;8;9"
Root_1256,92.539933,37.011030,5,"1;2;4;8;9"
Root_1257,10.377379,22.062870,5,"0;2;4;8;9"
Root_1258,103.439837,41.640630,4,"2;4;8;9"
Root_1259,11.147853,17.659190,5,"0;1;4;8;9"
Root_1260,90.291773,37.936950,4,"1;4;8;9"
Root_1261,12.229219,22.988790,4,"0;4;8;9"
Root_1262,102.117597,42.566550,3,"4;8;9"
Root_1263,15.092163,17.041910,6,"0;1;2;3;8;9"
Root_1264,104.368422,37.319670,5,"1;2;3;8;9"
Root_1265,18.429082,22.371510,5,"0;2;3;8;9"
Root_1266,113.354758,41.949270,4,"2;3;8;9"
Root_1267,16.944003,17.967830,5,"0;1;3;8;9"
Root_1268,101.194342,38.245590,4,"1;3;8;9"
Root_1269,21.206842,23.297430,4,"0;3;8;9"
Root_1270,111.106598,42.875190,3,"3;8;9"
Root_1271,15.092163,18.955478,5,"0;1;2;8;9"
Root_1272,103.169638,39.233238,4,"1;2;8;9"
Root_1273,17.329082,24.285078,4,"0;2;8;9"
Root_1274,114.069542,43.862838,3,"2;8;9"
Root_1275,17.517978,19.881398,4,"0;1;8;9"
Root_1276,100.921478,40.159158,3,"1;8;9"
Root_1277,20.106842,25.210998,3,"0;8;9"
Root_1278,113.536061,44.788758,2,"8;9"
Root_1279,0.000000,9.655520,9,"0;1;2;3;4;5;6;7;9"
Root_1280,69.312877,32.733280,8,"1;2;3;4;5;6;7;9"
Root_1281,1.169024,17.785120,8,"0;2;3;4;5;6;7;9"
Root_1282,87.174147,37.362880,7,"2;3;4;5;6;7;9"
Root_1283,0.000000,10.581440,8,"0;1;3;4;5;6;7;9"
Root_1284,72.638797,33.659200,7,"1;3;4;5;6;7;9"
Root_1285,3.915744,18.711040,7,"0;3;4;5;6;7;9"
Root_1286,89.848205,38.288800,6,"3;4;5;6;7;9"
Root_1287,0.469024,14.369088,8,"0;1;2;4;5;6;7;9"
Root_1288,69.760941,34.646848,7,"1;2;4;5;6;7;9"
Root_1289,1.560288,19.698688,7,"0;2;4;5;6;7;9"
Root_1290,89.802499,39.276448,6,"2;4;5;6;7;9"
Root_1291,4.136736,15.295008,7,"0;1;4;5;6;7;9"
Root_1292,71.665933,35.572768,6,"1;4;5;6;7;9"
Root_1293,4.812128,20.624608,6,"0;4;5;6;7;9"
Root_1294,92.702477,40.202368,5,"4;5;6;7;9"
Root_1295,1.291232,13.277728,8,"0;1;2;3;5;6;7;9"
Root_1296,84.434829,34.955488,7,"1;2;3;5;6;7;9"
Root_1297,5.704608,20.007328,7,"0;2;3;5;6;7;9"
Root_1298,101.649507,39.585088,6,"2;3;5;6;7;9"
Root_1299,4.282368,14.203648,7,"0;1;3;5;6;7;9"
Root_1300,86.293037,35.881408,6,"1;3;5;6;7;9"
Root_1301,9.903360,20.933248,6,"0;3;5;6;7;9"
Root_1302,103.827267,40.511008,5,"3;5;6;7;9"
Root_1303,5.925600,16.591296,7,"0;1;2;5;6;7;9"
Root_1304,85.149613,36.869056,6,"1;2;5;6;7;9"
Root_1305,6.004704,21.920896,6,"0;2;5;6;7;9"
Root_1306,104.277859,41.498656,5,"2;5;6;7;9"
Root_1307,8.317152,17.517216,6,"0;1;5;6;7;9"
Root_1308,87.115149,37.794976,5,"1;5;6;7;9"
Root_1309,9.256544,22.846816,5,"0;5;6;7;9"
Root_1310,106.681539,42.424576,4,"5;6;7;9"
Root_1311,0.000000,11.898720,8,"0;1;2;3;4;6;7;9"
Root_1312,78.305357,34.276480,7,"1;2;3;4;6;7;9"
Root_1313,3.667584,19.328320,7,"0;2;3;4;6;7;9"
Root_1314,95.995203,38.906080,6,"2;3;4;6;7;9"
Root_1315,1.538144,12.824640,7,"0;1;3;4;6;7;9"
Root_1316,80.354797,35.202400,6,"1;3;4;6;7;9"
Root_1317,7.898528,20.254240,6,"0;3;4;6;7;9"
Root_1318,97.969261,39.832000,5,"3;4;6;7;9"
Root_1319,3.888576,15.912288,7,"0;1;2;4;6;7;9"
Root_1320,79.020141,36.190048,6,"1;2;4;6;7;9"
Root_1321,4.646688,21.241888,6,"0;2;4;6;7;9"
Root_1322,98.623555,40.819648,5,"2;4;6;7;9"
Root_1323,7.638144,16.838208,6,"0;1;4;6;7;9"
Root_1324,80.497901,37.115968,5,"1;4;6;7;9"
Root_1325,7.898528,22.167808,5,"0;4;6;7;9"
Root_1326,100.823533,41.745568,4,"4;6;7;9"
Root_1327,4.034208,14.820928,7,"0;1;2;3;6;7;9"
Root_1328,92.638605,36.498688,6,"1;2;3;6;7;9"
Root_1329,9.655200,21.550528,6,"0;2;3;6;7;9"
Root_1330,109.297731,41.128288,5,"2;3;6;7;9"
Root_1331,8.460352,15.746848,6,"0;1;3;6;7;9"
Root_1332,93.890445,37.424608,5,"1;3;6;7;9"
Root_1333,14.532960,22.476448,5,"0;3;6;7;9"
Root_1334,110.775491,42.054208,4,"3;6;7;9"
Root_1335,8.234432,18.134496,6,"0;1;2;6;7;9"
Root_1336,93.353389,38.412256,5,"1;2;6;7;9"
Root_1337,9.091104,23.464096,5,"0;2;6;7;9"
Root_1338,111.926083,43.041856,4,"2;6;7;9"
Root_1339,11.544096,19.060416,5,"0;1;6;7;9"
Root_1340,94.831149,39.338176,4,"1;6;7;9"
Root_1341,12.732960,24.390016,4,"0;6;7;9"
Root_1342,113.629763,43.967776,3,"6;7;9"
Root_1343,0.794934,12.781430,8,"0;1;2;3;4;5;7;9"
Root_1344,84.860746,35.159190,7,"1;2;3;4;5;7;9"
Root_1345,6.315715,20.211030,7,"0;2;3;4;5;7;9"
Root_1346,102.242090,39.788790,6,"2;3;4;5;7;9"
Root_1347,3.063949,13.707350,7,"0;1;3;4;5;7;9"
Root_1348,86.396659,36.085110,6,"1;3;4;5;7;9"
Root_1349,10.514467,21.136950,6,"0;3;4;5;7;9"
Root_1350,104.049482,40.714710,5,"3;4;5;7;9"
Root_1351,6.536707,16.794998,7,"0;1;2;4;5;7;9"
Root_1352,85.575530,37.072758,6,"1;2;4;5;7;9"
Root_1353,6.412109,22.124598,6,"0;2;4;5;7;9"
Root_1354,104.870442,41.702358,5,"2;4;5;7;9"
Root_1355,8.520854,17.720918,6,"0;1;4;5;7;9"
Root_1356,87.337363,37.998678,5,"1;4;5;7;9"
Root_1357,9.663949,23.050518,5,"0;4;5;7;9"
Root_1358,106.903754,42.628278,4,"4;5;7;9"
Root_1359,7.089763,15.703638,7,"0;1;2;3;5;7;9"
Root_1360,98.453395,37.381398,6,"1;2;3;5;7;9"
Root_1361,12.303331,22.433238,6,"0;2;3;5;7;9"
Root_1362,115.340915,42.010998,5,"2;3;5;7;9"
Root_1363,10.056525,16.629558,6,"0;1;3;5;7;9"
Root_1364,99.705235,38.307318,5,"1;3;5;7;9"
Root_1365,17.181091,23.359158,5,"0;3;5;7;9"
Root_1366,116.818675,42.936918,4,"3;5;7;9"
Root_1367,9.604685,19.017206,6,"0;1;2;5;7;9"
Root_1368,99.168179,39.294966,5,"1;2;5;7;9"
Root_1369,11.203331,24.346806,5,"0;2;5;7;9"
Root_1370,118.339635,43.924566,4,"2;5;7;9"
Root_1371,14.192227,19.943126,5,"0;1;5;7;9"
Root_1372,100.645939,40.220886,4,"1;5;7;9"
Root_1373,15.381091,25.272726,4,"0;5;7;9"
Root_1374,120.043315,44.850486,3,"5;7;9"
Root_1375,2.898509,14.324630,7,"0;1;2;3;4;7;9"
Root_1376,92.860819,36.702390,6,"1;2;3;4;7;9"
Root_1377,10.266307,21.754230,6,"0;2;3;4;7;9"
Root_1378,109.686611,41.331990,5,"2;3;4;7;9"
Root_1379,8.698509,15.250550,6,"0;1;3;4;7;9"
Root_1380,97.612659,37.628310,5,"1;3;4;7;9"
Root_1381,17.244067,22.680150,5,"0;3;4;7;9"
Root_1382,113.594003,42.257910,4,"3;4;7;9"
Root_1383,8.438134,18.338198,6,"0;1;2;4;7;9"
Root_1384,93.575603,38.615958,5,"1;2;4;7;9"
Root_1385,9.498509,23.667798,5,"0;2;4;7;9"
Root_1386,112.314963,43.245558,4,"2;4;7;9"
Root_1387,14.255203,19.264118,5,"0;1;4;7;9"
Root_1388,97.853363,39.541878,4,"1;4;7;9"
Root_1389,14.744067,24.593718,4,"0;4;7;9"
Root_1390,115.748275,44.171478,3,"4;7;9"
Root_1391,9.891085,17.246838,6,"0;1;2;3;7;9"
Root_1392,105.712733,38.924598,5,"1;2;3;7;9"
Root_1393,17.219194,23.976438,5,"0;2;3;7;9"
Root_1394,120.933597,43.554198,4,"2;3;7;9"
Root_1395,20.921827,18.172758,5,"0;1;3;7;9"
Root_1396,114.664573,39.850518,4,"1;3;7;9"
Root_1397,29.013050,24.902358,4,"0;3;7;9"
Root_1398,128.011357,44.480118,3,"3;7;9"
Root_1399,13.944067,20.560406,5,"0;1;2;7;9"
Root_1400,106.427517,40.838166,4,"1;2;7;9"
Root_1401,16.119194,25.890006,4,"0;2;7;9"
Root_1402,123.561949,45.467766,3,"2;7;9"
Root_1403,25.121827,21.486326,4,"0;1;7;9"
Root_1404,113.505277,41.764086,3,"1;7;9"
Root_1405,24.210691,26.815926,3,"0;7;9"
Root_1406,128.765629,46.393686,2,"7;9"
Root_1407,6.221792,15.480192,8,"0;1;2;3;4;5;6;9"
Root_1408,82.879501,35.757952,7,"1;2;3;4;5;6;9"
Root_1409,7.609632,20.809792,7,"0;2;3;4;5;6;9"
Root_1410,100.495149,40.387552,6,"2;3;4;5;6;9"
Root_1411,9.609632,16.406112,7,"0;1;3;4;5;6;9"
Root_1412,83.431341,36.683872,6,"1;3;4;5;6;9"
Root_1413,12.310752,21.735712,6,"0;3;4;5;6;9"
Root_1414,102.645869,41.313472,5,"3;4;5;6;9"
Root_1415,7.493696,17.393760,7,"0;1;2;4;5;6;9"
Root_1416,83.594285,37.671520,6,"1;2;4;5;6;9"
Root_1417,7.609632,22.723360,6,"0;2;4;5;6;9"
Root_1418,103.123501,42.301120,5,"2;4;5;6;9"
Root_1419,9.609632,18.319680,6,"0;1;4;5;6;9"
Root_1420,84.372045,38.597440,5,"1;4;5;6;9"
Root_1421,10.861472,23.649280,5,"0;4;5;6;9"
Root_1422,105.527181,43.227040,4,"4;5;6;9"
Root_1423,10.802208,17.702400,7,"0;1;2;3;5;6;9"
Root_1424,96.045965,37.980160,6,"1;2;3;5;6;9"
Root_1425,14.099616,23.032000,6,"0;2;3;5;6;9"
Root_1426,113.365581,42.609760,5,"2;3;5;6;9"
Root_1427,15.009408,18.628320,6,"0;1;3;5;6;9"
Root_1428,97.085581,38.906080,5,"1;3;5;6;9"
Root_1429,18.977376,23.957920,5,"0;3;5;6;9"
Root_1430,114.843341,43.535680,4,"3;5;6;9"
Root_1431,11.110752,19.615968,6,"0;1;2;5;6;9"
Root_1432,96.760749,39.893728,5,"1;2;5;6;9"
Root_1433,12.999616,24.945568,5,"0;2;5;6;9"
Root_1434,116.887629,44.523328,4,"2;5;6;9"
Root_1435,15.988512,20.541888,5,"0;1;5;6;9"
Root_1436,98.026285,40.819648,4,"1;5;6;9"
Root_1437,17.177376,25.871488,4,"0;5;6;9"
Root_1438,119.517229,45.449248,3,"5;6;9"
Root_1439,9.444192,17.023392,7,"0;1;2;3;4;6;9"
Root_1440,90.595501,37.301152,6,"1;2;3;4;6;9"
Root_1441,12.062592,22.352992,6,"0;2;3;4;6;9"
Root_1442,107.340909,41.930752,5,"2;3;4;6;9"
Root_1443,12.951488,17.949312,6,"0;1;3;4;6;9"
Root_1444,91.147341,38.227072,5,"1;3;4;6;9"
Root_1445,16.940352,23.278912,5,"0;3;4;6;9"
Root_1446,108.818669,42.856672,4,"3;4;6;9"
Root_1447,9.444192,18.936960,6,"0;1;2;4;6;9"
Root_1448,91.310285,39.214720,5,"1;2;4;6;9"
Root_1449,10.962592,24.266560,5,"0;2;4;6;9"
Root_1450,109.969261,43.844320,4,"2;4;6;9"
Root_1451,13.951488,19.862880,5,"0;1;4;6;9"
Root_1452,92.088045,40.140640,4,"1;4;6;9"
Root_1453,15.140352,25.192480,4,"0;4;6;9"
Root_1454,112.443181,44.770240,3,"4;6;9"
Root_1455,14.925376,19.245600,6,"0;1;2;3;6;9"
Root_1456,102.706541,39.523360,5,"1;2;3;6;9"
Root_1457,20.189440,24.575200,5,"0;2;3;6;9"
Root_1458,118.512461,44.152960,4,"2;3;6;9"
Root_1459,20.618112,20.171520,5,"0;1;3;6;9"
Root_1460,103.258381,40.449280,4,"1;3;6;9"
Root_1461,25.108096,25.501120,4,"0;3;6;9"
Root_1462,120.216141,45.078880,3,"3;6;9"
Root_1463,15.925376,21.159168,5,"0;1;2;6;9"
Root_1464,103.421325,41.436928,4,"1;2;6;9"
Root_1465,18.514240,26.488768,4,"0;2;6;9"
Root_1466,123.054381,46.066528,3,"2;6;9"
Root_1467,20.618112,22.085088,4,"0;1;6;9"
Root_1468,104.199085,42.362848,3,"1;6;9"
Root_1469,22.221664,27.414688,3,"0;6;9"
Root_1470,124.983981,46.992448,2,"6;9"
Root_1471,11.209613,17.906102,7,"0;1;2;3;4;5;9"
Root_1472,96.268179,38.183862,6,"1;2;3;4;5;9"
Root_1473,14.710723,23.235702,6,"0;2;3;4;5;9"
Root_1474,113.587795,42.813462,5,"2;3;4;5;9"
Root_1475,15.824218,18.832022,6,"0;1;3;4;5;9"
Root_1476,97.104093,39.109782,5,"1;3;4;5;9"
Root_1477,19.750106,24.161622,5,"0;3;4;5;9"
Root_1478,115.065555,43.739382,4,"3;4;5;9"
Root_1479,11.721859,19.819670,6,"0;1;2;4;5;9"
Root_1480,96.982963,40.097430,5,"1;2;4;5;9"
Root_1481,13.610723,25.149270,5,"0;2;4;5;9"
Root_1482,117.313546,44.727030,4,"2;4;5;9"
Root_1483,16.599619,20.745590,5,"0;1;4;5;9"
Root_1484,98.044797,41.023350,4,"1;4;5;9"
Root_1485,17.788483,26.075190,4,"0;4;5;9"
Root_1486,119.943146,45.652950,3,"4;5;9"
Root_1487,19.135290,20.128310,6,"0;1;2;3;5;9"
Root_1488,108.070717,40.406070,5,"1;2;3;5;9"
Root_1489,23.761178,25.457910,5,"0;2;3;5;9"
Root_1490,125.438355,45.035670,4,"2;3;5;9"
Root_1491,24.034042,21.054230,5,"0;1;3;5;9"
Root_1492,108.576998,41.331990,4,"1;3;5;9"
Root_1493,28.638938,26.383830,4,"0;3;5;9"
Root_1494,127.142035,45.961590,3,"3;5;9"
Root_1495,19.314403,22.041878,5,"0;1;2;5;9"
Root_1496,108.785501,42.319638,4,"1;2;5;9"
Root_1497,21.574746,27.371478,4,"0;2;5;9"
Root_1498,130.350643,46.949238,3,"2;5;9"
Root_1499,23.266243,22.967798,4,"0;1;5;9"
Root_1500,109.563261,43.245558,3,"1;5;9"
Root_1501,25.752506,28.297398,3,"0;5;9"
Root_1502,132.280243,47.875158,2,"5;9"
Root_1503,15.882064,19.449302,6,"0;1;2;3;4;9"
Root_1504,102.725053,39.727062,5,"1;2;3;4;9"
Root_1505,21.045146,24.778902,5,"0;2;3;4;9"
Root_1506,118.734675,44.356662,4,"2;3;4;9"
Root_1507,24.118010,20.375222,5,"0;1;3;4;9"
Root_1508,106.076893,40.652982,4,"1;3;4;9"
Root_1509,28.022906,25.704822,4,"0;3;4;9"
Root_1510,122.538355,45.282582,3,"3;4;9"
Root_1511,16.740186,21.362870,5,"0;1;2;4;9"
Root_1512,103.439837,41.640630,4,"1;2;4;9"
Root_1513,19.166243,26.692470,4,"0;2;4;9"
Root_1514,123.276595,46.270230,3,"2;4;9"
Root_1515,23.329219,22.288790,4,"0;1;4;9"
Root_1516,106.317597,42.566550,3,"1;4;9"
Root_1517,24.436474,27.618390,3,"0;4;9"
Root_1518,126.606195,47.196150,2,"4;9"
Root_1519,24.629082,21.671510,5,"0;1;2;3;9"
Root_1520,113.354758,41.949270,4,"1;2;3;9"
Root_1521,30.467152,27.001110,4,"0;2;3;9"
Root_1522,129.549565,46.578870,3,"2;3;9"
Root_1523,38.606842,22.597430,4,"0;1;3;9"
Root_1524,119.506598,42.875190,3,"1;3;9"
Root_1525,41.111738,27.927030,3,"0;3;9"
Root_1526,134.753245,47.504790,2,"3;9"
Root_1527,23.944003,23.585078,4,"0;1;2;9"
Root_1528,114.069542,43.862838,3,"1;2;9"
Root_1529,28.280720,28.914678,3,"0;2;9"
Root_1530,134.583923,48.492438,2,"2;9"
Root_1531,34.195843,24.510998,3,"0;1;9"
Root_1532,119.136061,44.788758,2,"1;9"
Root_1533,36.125306,29.840598,2,"0;9"
Root_1534,138.839443,49.418358,1,"9"
Root_1535,0.000000,10.418496,9,"0;1;2;3;4;5;6;7;8"
Root_1536,61.175885,30.696256,8,"1;2;3;4;5;6;7;8"
Root_1537,0.000000,15.748096,8,"0;2;3;4;5;6;7;8"
Root_1538,72.476973,35.325856,7,"2;3;4;5;6;7;8"
Root_1539,0.000000,11.344416,8,"0;1;3;4;5;6;7;8"
Root_1540,63.027725,31.622176,7,"1;3;4;5;6;7;8"
Root_1541,0.000000,16.674016,7,"0;3;4;5;6;7;8"
Root_1542,71.154733,36.251776,6,"3;4;5;6;7;8"
Root_1543,0.000000,12.332064,8,"0;1;2;4;5;6;7;8"
Root_1544,61.612845,32.609824,7,"1;2;4;5;6;7;8"
Root_1545,0.000000,17.661664,7,"0;2;4;5;6;7;8"
Root_1546,75.105325,37.239424,6,"2;4;5;6;7;8"
Root_1547,0.000000,13.257984,7,"0;1;4;5;6;7;8"
Root_1548,62.754861,33.535744,6,"1;4;5;6;7;8"
Root_1549,0.000000,18.587584,6,"0;4;5;6;7;8"
Root_1550,74.709005,38.165344,5,"4;5;6;7;8"
Root_1551,0.000000,12.640704,8,"0;1;2;3;5;6;7;8"
Root_1552,75.799181,32.918464,7,"1;2;3;5;6;7;8"
Root_1553,0.000000,17.970304,7,"0;2;3;5;6;7;8"
Root_1554,87.865645,37.548064,6,"2;3;5;6;7;8"
Root_1555,0.000000,13.566624,7,"0;1;3;5;6;7;8"
Root_1556,75.706637,33.844384,6,"1;3;5;6;7;8"
Root_1557,0.000000,18.896224,6,"0;3;5;6;7;8"
Root_1558,86.543405,38.473984,5,"3;5;6;7;8"
Root_1559,0.000000,14.554272,7,"0;1;2;5;6;7;8"
Root_1560,76.513965,34.832032,6,"1;2;5;6;7;8"
Root_1561,0.000000,19.883872,6,"0;2;5;6;7;8"
Root_1562,90.493997,39.461632,5,"2;5;6;7;8"
Root_1563,0.209792,15.480192,6,"0;1;5;6;7;8"
Root_1564,75.433773,35.757952,5,"1;5;6;7;8"
Root_1565,0.000000,20.809792,5,"0;5;6;7;8"
Root_1566,90.097677,40.387552,4,"5;6;7;8"
Root_1567,0.000000,11.961696,8,"0;1;2;3;4;6;7;8"
Root_1568,70.157261,32.239456,7,"1;2;3;4;6;7;8"
Root_1569,0.000000,17.291296,7,"0;2;3;4;6;7;8"
Root_1570,81.736173,36.869056,6,"2;3;4;6;7;8"
Root_1571,0.000000,12.887616,7,"0;1;3;4;6;7;8"
Root_1572,70.743725,33.165376,6,"1;3;4;6;7;8"
Root_1573,0.000000,18.217216,6,"0;3;4;6;7;8"
Root_1574,80.413933,37.794976,5,"3;4;6;7;8"
Root_1575,0.000000,13.875264,7,"0;1;2;4;6;7;8"
Root_1576,70.872045,34.153024,6,"1;2;4;6;7;8"
Root_1577,0.000000,19.204864,6,"0;2;4;6;7;8"
Root_1578,84.364525,38.782624,5,"2;4;6;7;8"
Root_1579,0.000000,14.801184,6,"0;1;4;6;7;8"
Root_1580,70.470861,35.078944,5,"1;4;6;7;8"
Root_1581,0.000000,20.130784,5,"0;4;6;7;8"
Root_1582,83.968205,39.708544,4,"4;6;7;8"
Root_1583,0.000000,14.183904,7,"0;1;2;3;6;7;8"
Root_1584,82.885581,34.461664,6,"1;2;3;6;7;8"
Root_1585,0.304832,19.513504,6,"0;2;3;6;7;8"
Root_1586,96.069421,39.091264,5,"2;3;6;7;8"
Root_1587,0.691104,15.109824,6,"0;1;3;6;7;8"
Root_1588,81.249837,35.387584,5,"1;3;6;7;8"
Root_1589,2.091104,20.439424,5,"0;3;6;7;8"
Root_1590,94.747181,40.017184,4,"3;6;7;8"
Root_1591,0.827072,16.097472,6,"0;1;2;6;7;8"
Root_1592,83.600365,36.375232,5,"1;2;6;7;8"
Root_1593,0.304832,21.427072,5,"0;2;6;7;8"
Root_1594,98.697773,41.004832,4,"2;6;7;8"
Root_1595,2.444096,17.023392,5,"0;1;6;7;8"
Root_1596,82.278125,37.301152,4,"1;6;7;8"
Root_1597,2.091104,22.352992,4,"0;6;7;8"
Root_1598,98.301453,41.930752,3,"6;7;8"
Root_1599,0.000000,12.844406,8,"0;1;2;3;4;5;7;8"
Root_1600,76.021395,33.122166,7,"1;2;3;4;5;7;8"
Root_1601,0.000000,18.174006,7,"0;2;3;4;5;7;8"
Root_1602,88.291562,37.751766,6,"2;3;4;5;7;8"
Root_1603,0.000000,13.770326,7,"0;1;3;4;5;7;8"
Root_1604,75.725149,34.048086,6,"1;3;4;5;7;8"
Root_1605,0.000000,19.099926,6,"0;3;4;5;7;8"
Root_1606,86.969322,38.677686,5,"3;4;5;7;8"
Root_1607,0.000000,14.757974,7,"0;1;2;4;5;7;8"
Root_1608,76.736179,35.035734,6,"1;2;4;5;7;8"
Root_1609,0.000000,20.087574,6,"0;2;4;5;7;8"
Root_1610,90.919914,39.665334,5,"2;4;5;7;8"
Root_1611,0.413494,15.683894,6,"0;1;4;5;7;8"
Root_1612,75.452285,35.961654,5,"1;4;5;7;8"
Root_1613,0.000000,21.013494,5,"0;4;5;7;8"
Root_1614,90.523594,40.591254,4,"4;5;7;8"
Root_1615,0.604685,15.066614,7,"0;1;2;3;5;7;8"
Root_1616,88.243709,35.344374,6,"1;2;3;5;7;8"
Root_1617,2.004685,20.396214,6,"0;2;3;5;7;8"
Root_1618,101.884211,39.973974,5,"2;3;5;7;8"
Root_1619,3.178659,15.992534,6,"0;1;3;5;7;8"
Root_1620,85.995549,36.270294,5,"1;3;5;7;8"
Root_1621,4.192227,21.322134,5,"0;3;5;7;8"
Root_1622,100.561971,40.899894,4,"3;5;7;8"
Root_1623,2.314467,16.980182,6,"0;1;2;5;7;8"
Root_1624,88.958493,37.257942,5,"1;2;5;7;8"
Root_1625,2.004685,22.309782,5,"0;2;5;7;8"
Root_1626,104.512563,41.887542,4,"2;5;7;8"
Root_1627,5.092227,17.906102,5,"0;1;5;7;8"
Root_1628,87.636253,38.183862,4,"1;5;7;8"
Root_1629,3.856525,23.235702,4,"0;5;7;8"
Root_1630,104.116243,42.813462,3,"5;7;8"
Root_1631,0.000000,14.387606,7,"0;1;2;3;4;7;8"
Root_1632,83.107795,34.665366,6,"1;2;3;4;7;8"
Root_1633,0.646669,19.717206,6,"0;2;3;4;7;8"
Root_1634,96.291635,39.294966,5,"2;3;4;7;8"
Root_1635,1.141635,15.313526,6,"0;1;3;4;7;8"
Root_1636,81.268349,35.591286,5,"1;3;4;7;8"
Root_1637,2.498509,20.643126,5,"0;3;4;7;8"
Root_1638,94.969395,40.220886,4,"3;4;7;8"
Root_1639,1.030774,16.301174,6,"0;1;2;4;7;8"
Root_1640,83.822579,36.578934,5,"1;2;4;7;8"
Root_1641,0.646669,21.630774,5,"0;2;4;7;8"
Root_1642,98.919987,41.208534,4,"2;4;7;8"
Root_1643,3.055203,17.227094,5,"0;1;4;7;8"
Root_1644,82.500339,37.504854,4,"1;4;7;8"
Root_1645,2.498509,22.556694,4,"0;4;7;8"
Root_1646,98.523667,42.134454,3,"4;7;8"
Root_1647,5.283482,16.609814,6,"0;1;2;3;7;8"
Root_1648,95.959709,36.887574,5,"1;2;3;7;8"
Root_1649,6.330330,21.939414,5,"0;2;3;7;8"
Root_1650,109.143549,41.517174,4,"2;3;7;8"
Root_1651,8.987162,17.535734,5,"0;1;3;7;8"
Root_1652,93.711549,37.813494,4,"1;3;7;8"
Root_1653,8.821827,22.865334,4,"0;3;7;8"
Root_1654,107.821309,42.443094,3,"3;7;8"
Root_1655,6.944067,18.523382,5,"0;1;2;7;8"
Root_1656,96.674493,38.801142,4,"1;2;7;8"
Root_1657,5.377347,23.852982,4,"0;2;7;8"
Root_1658,111.771901,43.430742,3,"2;7;8"
Root_1659,9.542925,19.449302,4,"0;1;7;8"
Root_1660,95.352253,39.727062,3,"1;7;8"
Root_1661,7.721827,24.778902,3,"0;7;8"
Root_1662,111.375581,44.356662,2,"7;8"
Root_1663,0.000000,13.443168,8,"0;1;2;3;4;5;6;8"
Root_1664,74.731405,33.720928,7,"1;2;3;4;5;6;8"
Root_1665,0.000000,18.772768,7,"0;2;3;4;5;6;8"
Root_1666,86.310317,38.350528,6,"2;3;4;5;6;8"
Root_1667,0.000000,14.369088,7,"0;1;3;4;5;6;8"
Root_1668,73.836397,34.646848,6,"1;3;4;5;6;8"
Root_1669,0.609632,19.698688,6,"0;3;4;5;6;8"
Root_1670,84.988077,39.276448,5,"3;4;5;6;8"
Root_1671,0.086336,15.356736,7,"0;1;2;4;5;6;8"
Root_1672,75.446189,35.634496,6,"1;2;4;5;6;8"
Root_1673,0.000000,20.686336,6,"0;2;4;5;6;8"
Root_1674,88.938669,40.264096,5,"2;4;5;6;8"
Root_1675,1.012256,16.282656,6,"0;1;4;5;6;8"
Root_1676,74.123949,36.560416,5,"1;4;5;6;8"
Root_1677,0.609632,21.612256,5,"0;4;5;6;8"
Root_1678,88.542349,41.190016,4,"4;5;6;8"
Root_1679,2.197184,15.665376,7,"0;1;2;3;5;6;8"
Root_1680,87.897869,35.943136,6,"1;2;3;5;6;8"
Root_1681,3.210752,20.994976,6,"0;2;3;5;6;8"
Root_1682,99.476781,40.572736,5,"2;3;5;6;8"
Root_1683,5.209408,16.591296,6,"0;1;3;5;6;8"
Root_1684,85.649709,36.869056,5,"1;3;5;6;8"
Root_1685,5.988512,21.920896,5,"0;3;5;6;8"
Root_1686,98.154541,41.498656,4,"3;5;6;8"
Root_1687,4.110752,17.578944,6,"0;1;2;5;6;8"
Root_1688,88.612653,37.856704,5,"1;2;5;6;8"
Root_1689,3.202208,22.908544,5,"0;2;5;6;8"
Root_1690,102.105133,42.486304,4,"2;5;6;8"
Root_1691,6.888512,18.504864,5,"0;1;5;6;8"
Root_1692,87.290413,38.782624,4,"1;5;6;8"
Root_1693,5.054048,23.834464,4,"0;5;6;8"
Root_1694,101.708813,43.412224,3,"5;6;8"
Root_1695,0.444192,14.986368,7,"0;1;2;3;4;6;8"
Root_1696,82.447405,35.264128,6,"1;2;3;4;6;8"
Root_1697,1.844192,20.315968,6,"0;2;3;4;6;8"
Root_1698,94.026317,39.893728,5,"2;3;4;6;8"
Root_1699,2.937920,15.912288,6,"0;1;3;4;6;8"
Root_1700,80.199245,36.190048,5,"1;3;4;6;8"
Root_1701,3.951488,21.241888,5,"0;3;4;6;8"
Root_1702,92.704077,40.819648,4,"3;4;6;8"
Root_1703,2.073728,16.899936,6,"0;1;2;4;6;8"
Root_1704,83.162189,37.177696,5,"1;2;4;6;8"
Root_1705,1.844192,22.229536,5,"0;2;4;6;8"
Root_1706,96.654669,41.807296,4,"2;4;6;8"
Root_1707,4.851488,17.825856,5,"0;1;4;6;8"
Root_1708,81.839949,38.103616,4,"1;4;6;8"
Root_1709,3.696032,23.155456,4,"0;4;6;8"
Root_1710,96.258349,42.733216,3,"4;6;8"
Root_1711,7.863552,17.208576,6,"0;1;2;3;6;8"
Root_1712,94.558445,37.486336,5,"1;2;3;6;8"
Root_1713,8.725376,22.538176,5,"0;2;3;6;8"
Root_1714,106.137357,42.115936,4,"2;3;6;8"
Root_1715,10.740448,18.134496,5,"0;1;3;6;8"
Root_1716,92.310285,38.412256,4,"1;3;6;8"
Root_1717,10.618112,23.464096,4,"0;3;6;8"
Root_1718,104.815117,43.041856,3,"3;6;8"
Root_1719,8.925376,19.122144,5,"0;1;2;6;8"
Root_1720,95.273229,39.399904,4,"1;2;6;8"
Root_1721,7.625376,24.451744,4,"0;2;6;8"
Root_1722,108.795213,44.029504,3,"2;6;8"
Root_1723,10.740448,20.048064,4,"0;1;6;8"
Root_1724,93.950989,40.325824,3,"1;6;8"
Root_1725,9.518112,25.377664,3,"0;6;8"
Root_1726,109.324813,44.955424,2,"6;8"
Root_1727,2.808291,15.869078,7,"0;1;2;3;4;5;8"
Root_1728,88.120083,36.146838,6,"1;2;3;4;5;8"
Root_1729,3.821859,21.198678,6,"0;2;3;4;5;8"
Root_1730,99.698995,40.776438,5,"2;3;4;5;8"
Root_1731,6.024218,16.794998,6,"0;1;3;4;5;8"
Root_1732,85.871923,37.072758,5,"1;3;4;5;8"
Root_1733,6.599619,22.124598,5,"0;3;4;5;8"
Root_1734,98.376755,41.702358,4,"3;4;5;8"
Root_1735,4.721859,17.782646,6,"0;1;2;4;5;8"
Root_1736,88.834867,38.060406,5,"1;2;4;5;8"
Root_1737,3.609613,23.112246,5,"0;2;4;5;8"
Root_1738,102.327347,42.690006,4,"2;4;5;8"
Root_1739,7.499619,18.708566,5,"0;1;4;5;8"
Root_1740,87.512627,38.986326,4,"1;4;5;8"
Root_1741,5.499619,24.038166,4,"0;4;5;8"
Root_1742,101.931027,43.615926,3,"4;5;8"
Root_1743,11.579949,18.091286,6,"0;1;2;3;5;8"
Root_1744,99.033862,38.369046,5,"1;2;3;5;8"
Root_1745,11.414403,23.420886,5,"0;2;3;5;8"
Root_1746,112.180541,42.998646,4,"2;3;5;8"
Root_1747,12.505869,19.017206,5,"0;1;3;5;8"
Root_1748,96.785702,39.294966,4,"1;3;5;8"
Root_1749,13.613050,24.346806,4,"0;3;5;8"
Root_1750,110.858301,43.924566,3,"3;5;8"
Root_1751,11.579949,20.004854,5,"0;1;2;5;8"
Root_1752,99.748646,40.282614,4,"1;2;5;8"
Root_1753,10.314403,25.334454,4,"0;2;5;8"
Root_1754,116.091475,44.912214,3,"2;5;8"
Root_1755,12.505869,20.930774,4,"0;1;5;8"
Root_1756,98.426406,41.208534,3,"1;5;8"
Root_1757,12.426618,26.260374,3,"0;5;8"
Root_1758,116.621075,45.838134,2,"5;8"
Root_1759,8.882064,17.412278,6,"0;1;2;3;4;8"
Root_1760,94.576957,37.690038,5,"1;2;3;4;8"
Root_1761,9.377379,22.741878,5,"0;2;3;4;8"
Root_1762,106.155869,42.319638,4,"2;3;4;8"
Root_1763,11.147853,18.338198,5,"0;1;3;4;8"
Root_1764,92.328797,38.615958,4,"1;3;4;8"
Root_1765,11.229219,23.667798,4,"0;3;4;8"
Root_1766,104.833629,43.245558,3,"3;4;8"
Root_1767,9.684739,19.325846,5,"0;1;2;4;8"
Root_1768,95.291741,39.603606,4,"1;2;4;8"
Root_1769,8.277379,24.655446,4,"0;2;4;8"
Root_1770,109.017427,44.233206,3,"2;4;8"
Root_1771,11.147853,20.251766,4,"0;1;4;8"
Root_1772,93.969501,40.529526,3,"1;4;8"
Root_1773,10.129219,25.581366,3,"0;4;8"
Root_1774,109.547027,45.159126,2,"4;8"
Root_1775,15.092163,19.634486,5,"0;1;2;3;8"
Root_1776,105.206662,39.912246,4,"1;2;3;8"
Root_1777,17.008090,24.964086,4,"0;2;3;8"
Root_1778,117.327421,44.541846,3,"2;3;8"
Root_1779,16.944003,20.560406,4,"0;1;3;8"
Root_1780,102.958502,40.838166,3,"1;3;8"
Root_1781,19.785850,25.890006,3,"0;3;8"
Root_1782,116.931101,45.467766,2,"3;8"
Root_1783,15.092163,21.548054,4,"0;1;2;8"
Root_1784,105.921446,41.825814,3,"1;2;8"
Root_1785,15.821658,26.877654,3,"0;2;8"
Root_1786,121.869341,46.455414,2,"2;8"
Root_1787,16.944003,22.473974,3,"0;1;8"
Root_1788,104.599206,42.751734,2,"1;8"
Root_1789,19.402992,27.803574,2,"0;8"
Root_1790,122.398941,47.381334,1,"8"
Root_1791,0.469024,15.048096,8,"0;1;2;3;4;5;6;7"
Root_1792,72.476973,35.325856,7,"1;2;3;4;5;6;7"
Root_1793,1.169024,20.377696,7,"0;2;3;4;5;6;7"
Root_1794,93.197539,39.955456,6,"2;3;4;5;6;7"
Root_1795,3.815744,15.974016,7,"0;1;3;4;5;6;7"
Root_1796,73.954733,36.251776,6,"1;3;4;5;6;7"
Root_1797,3.812128,21.303616,6,"0;3;4;5;6;7"
Root_1798,96.097517,40.881376,5,"3;4;5;6;7"
Root_1799,2.160288,16.961664,7,"0;1;2;4;5;6;7"
Root_1800,75.105325,37.239424,6,"1;2;4;5;6;7"
Root_1801,1.169024,22.291264,6,"0;2;4;5;6;7"
Root_1802,97.739459,41.869024,5,"2;4;5;6;7"
Root_1803,5.412128,17.887584,6,"0;1;4;5;6;7"
Root_1804,76.809005,38.165344,5,"1;4;5;6;7"
Root_1805,2.794944,23.217184,5,"0;4;5;6;7"
Root_1806,100.865357,42.794944,4,"4;5;6;7"
Root_1807,5.604608,17.270304,7,"0;1;2;3;5;6;7"
Root_1808,87.865645,37.548064,6,"1;2;3;5;6;7"
Root_1809,5.004704,22.599904,6,"0;2;3;5;6;7"
Root_1810,108.518573,42.177664,5,"2;3;5;6;7"
Root_1811,8.317152,18.196224,6,"0;1;3;5;6;7"
Root_1812,89.831181,38.473984,5,"1;3;5;6;7"
Root_1813,8.256544,23.525824,5,"0;3;5;6;7"
Root_1814,110.922253,43.103584,4,"3;5;6;7"
Root_1815,6.604704,19.183872,6,"0;1;2;5;6;7"
Root_1816,90.493997,39.461632,5,"1;2;5;6;7"
Root_1817,3.904704,24.513472,5,"0;2;5;6;7"
Root_1818,113.430861,44.091232,4,"2;5;6;7"
Root_1819,8.317152,20.109792,5,"0;1;5;6;7"
Root_1820,92.685453,40.387552,4,"1;5;6;7"
Root_1821,6.456544,25.439392,4,"0;5;6;7"
Root_1822,116.060461,45.017152,3,"5;6;7"
Root_1823,3.567584,16.591296,7,"0;1;2;3;4;6;7"
Root_1824,81.736173,36.869056,6,"1;2;3;4;6;7"
Root_1825,3.646688,21.920896,6,"0;2;3;4;6;7"
Root_1826,102.018595,41.498656,5,"2;3;4;6;7"
Root_1827,7.638144,17.517216,6,"0;1;3;4;6;7"
Root_1828,83.213933,37.794976,5,"1;3;4;6;7"
Root_1829,6.898528,22.846816,5,"0;3;4;6;7"
Root_1830,104.218573,42.424576,4,"3;4;6;7"
Root_1831,5.246688,18.504864,6,"0;1;2;4;6;7"
Root_1832,84.364525,38.782624,5,"1;2;4;6;7"
Root_1833,2.712224,23.834464,5,"0;2;4;6;7"
Root_1834,106.560515,43.412224,4,"2;4;6;7"
Root_1835,7.638144,19.430784,5,"0;1;4;6;7"
Root_1836,86.068205,39.708544,4,"1;4;6;7"
Root_1837,5.098528,24.760384,4,"0;4;6;7"
Root_1838,108.986413,44.338144,3,"4;6;7"
Root_1839,8.234432,18.813504,6,"0;1;2;3;6;7"
Root_1840,96.069421,39.091264,5,"1;2;3;6;7"
Root_1841,8.234208,24.143104,5,"0;2;3;6;7"
Root_1842,115.487789,43.720864,4,"2;3;6;7"
Root_1843,11.091104,19.739424,5,"0;1;3;6;7"
Root_1844,97.547181,40.017184,4,"1;3;6;7"
Root_1845,12.411968,25.069024,4,"0;3;6;7"
Root_1846,117.191469,44.646784,3,"3;6;7"
Root_1847,8.234432,20.727072,5,"0;1;2;6;7"
Root_1848,98.697773,41.004832,4,"1;2;6;7"
Root_1849,7.047776,26.056672,4,"0;2;6;7"
Root_1850,120.029709,45.634432,3,"2;6;7"
Root_1851,11.091104,21.652992,4,"0;1;6;7"
Root_1852,100.401453,41.930752,3,"1;6;7"
Root_1853,10.525536,26.982592,3,"0;6;7"
Root_1854,121.959309,46.560352,2,"6;7"
Root_1855,6.215715,17.474006,7,"0;1;2;3;4;5;7"
Root_1856,88.291562,37.751766,6,"1;2;3;4;5;7"
Root_1857,5.412109,22.803606,6,"0;2;3;4;5;7"
Root_1858,108.944490,42.381366,5,"2;3;4;5;7"
Root_1859,8.520854,18.399926,6,"0;1;3;4;5;7"
Root_1860,90.053395,38.677686,5,"1;3;4;5;7"
Root_1861,8.663949,23.729526,5,"0;3;4;5;7"
Root_1862,111.348170,43.307286,4,"3;4;5;7"
Root_1863,6.894934,19.387574,6,"0;1;2;4;5;7"
Root_1864,90.919914,39.665334,5,"1;2;4;5;7"
Root_1865,4.312109,24.717174,5,"0;2;4;5;7"
Root_1866,113.856778,44.294934,4,"2;4;5;7"
Root_1867,8.520854,20.313494,5,"0;1;4;5;7"
Root_1868,92.907667,40.591254,4,"1;4;5;7"
Root_1869,6.863949,25.643094,4,"0;4;5;7"
Root_1870,116.486378,45.220854,3,"4;5;7"
Root_1871,9.604685,19.696214,6,"0;1;2;3;5;7"
Root_1872,101.884211,39.973974,5,"1;2;3;5;7"
Root_1873,10.882339,25.025814,5,"0;2;3;5;7"
Root_1874,122.413683,44.603574,4,"2;3;5;7"
Root_1875,13.192227,20.622134,5,"0;1;3;5;7"
Root_1876,103.361971,40.899894,4,"1;3;5;7"
Root_1877,15.060099,25.951734,4,"0;3;5;7"
Root_1878,124.117363,45.529494,3,"3;5;7"
Root_1879,9.604685,21.609782,5,"0;1;2;5;7"
Root_1880,104.512563,41.887542,4,"1;2;5;7"
Root_1881,9.695907,26.939382,4,"0;2;5;7"
Root_1882,127.325971,46.517142,3,"2;5;7"
Root_1883,12.856525,22.535702,4,"0;1;5;7"
Root_1884,106.216243,42.813462,3,"1;5;7"
Root_1885,14.038970,27.865302,3,"0;5;7"
Root_1886,129.255571,47.443062,2,"5;7"
Root_1887,8.438134,19.017206,6,"0;1;2;3;4;7"
Root_1888,96.291635,39.294966,5,"1;2;3;4;7"
Root_1889,8.845315,24.346806,5,"0;2;3;4;7"
Root_1890,115.710003,43.924566,4,"2;3;4;7"
Root_1891,13.255203,19.943126,5,"0;1;3;4;7"
Root_1892,100.569395,40.220886,4,"1;3;4;7"
Root_1893,14.423075,25.272726,4,"0;3;4;7"
Root_1894,119.513683,44.850486,3,"3;4;7"
Root_1895,8.438134,20.930774,5,"0;1;2;4;7"
Root_1896,98.919987,41.208534,4,"1;2;4;7"
Root_1897,7.658883,26.260374,4,"0;2;4;7"
Root_1898,120.251923,45.838134,3,"2;4;7"
Root_1899,12.898509,21.856694,4,"0;1;4;7"
Root_1900,102.723667,42.134454,3,"1;4;7"
Root_1901,12.022938,27.186294,3,"0;4;7"
Root_1902,123.581523,46.764054,2,"4;7"
Root_1903,12.944067,21.239414,5,"0;1;2;3;7"
Root_1904,109.143549,41.517174,4,"1;2;3;7"
Root_1905,16.367216,26.569014,4,"0;2;3;7"
Root_1906,126.956989,46.146774,3,"2;3;7"
Root_1907,24.121827,22.165334,4,"0;1;3;7"
Root_1908,116.221309,42.443094,3,"1;3;7"
Root_1909,25.384634,27.494934,3,"0;3;7"
Root_1910,132.160669,47.072694,2,"3;7"
Root_1911,12.691085,23.152982,4,"0;1;2;7"
Root_1912,111.771901,43.430742,3,"1;2;7"
Root_1913,16.094352,28.482582,3,"0;2;7"
Root_1914,131.559251,48.060342,2,"2;7"
Root_1915,20.142925,24.078902,3,"0;1;7"
Root_1916,116.975581,44.356662,2,"1;7"
Root_1917,22.311770,29.408502,2,"0;7"
Root_1918,135.814771,48.986262,1,"7"
Root_1919,7.493696,18.072768,7,"0;1;2;3;4;5;6"
Root_1920,86.310317,38.350528,6,"1;2;3;4;5;6"
Root_1921,6.609632,23.402368,6,"0;2;3;4;5;6"
Root_1922,107.734582,42.980128,5,"2;3;4;5;6"
Root_1923,9.609632,18.998688,6,"0;1;3;4;5;6"
Root_1924,87.088077,39.276448,5,"1;3;4;5;6"
Root_1925,10.189760,24.328288,5,"0;3;4;5;6"
Root_1926,110.138262,43.906048,4,"3;4;5;6"
Root_1927,7.493696,19.986336,6,"0;1;2;4;5;6"
Root_1928,88.938669,40.264096,5,"1;2;4;5;6"
Root_1929,5.509632,25.315936,5,"0;2;4;5;6"
Root_1930,113.540566,44.893696,4,"2;4;5;6"
Root_1931,9.609632,20.912256,5,"0;1;4;5;6"
Root_1932,89.942349,41.190016,4,"1;4;5;6"
Root_1933,8.303328,26.241856,4,"0;4;5;6"
Root_1934,117.096086,45.819616,3,"4;5;6"
Root_1935,10.802208,20.294976,6,"0;1;2;3;5;6"
Root_1936,99.476781,40.572736,5,"1;2;3;5;6"
Root_1937,12.678624,25.624576,5,"0;2;3;5;6"
Root_1938,121.807350,45.202336,4,"2;3;5;6"
Root_1939,14.988512,21.220896,5,"0;1;3;5;6"
Root_1940,100.742317,41.498656,4,"1;3;5;6"
Root_1941,17.406880,26.550496,4,"0;3;5;6"
Root_1942,124.436950,46.128256,3,"3;5;6"
Root_1943,10.802208,22.208544,5,"0;1;2;5;6"
Root_1944,102.105133,42.486304,4,"1;2;5;6"
Root_1945,12.030336,27.538144,4,"0;2;5;6"
Root_1946,128.633206,47.115904,3,"2;5;6"
Root_1947,14.054048,23.134464,4,"0;1;5;6"
Root_1948,103.808813,43.412224,3,"1;5;6"
Root_1949,16.434016,28.464064,3,"0;5;6"
Root_1950,131.488726,48.041824,2,"5;6"
Root_1951,9.444192,19.615968,6,"0;1;2;3;4;6"
Root_1952,94.026317,39.893728,5,"1;2;3;4;6"
Root_1953,10.641600,24.945568,5,"0;2;3;4;6"
Root_1954,114.424662,44.523328,4,"2;3;4;6"
Root_1955,12.951488,20.541888,5,"0;1;3;4;6"
Root_1956,94.804077,40.819648,4,"1;3;4;6"
Root_1957,14.819360,25.871488,4,"0;3;4;6"
Root_1958,117.054262,45.449248,3,"3;4;6"
Root_1959,9.444192,21.529536,5,"0;1;2;4;6"
Root_1960,96.654669,41.807296,4,"1;2;4;6"
Root_1961,9.455168,26.859136,4,"0;2;4;6"
Root_1962,120.880150,46.436896,3,"2;4;6"
Root_1963,12.696032,22.455456,4,"0;1;4;6"
Root_1964,97.658349,42.733216,3,"1;4;6"
Root_1965,13.717984,27.785056,3,"0;4;6"
Root_1966,123.735670,47.362816,2,"4;6"
Root_1967,14.925376,21.838176,5,"0;1;2;3;6"
Root_1968,106.137357,42.115936,4,"1;2;3;6"
Root_1969,19.361024,27.167776,4,"0;2;3;6"
Root_1970,127.295094,46.745536,3,"2;3;6"
Root_1971,19.618112,22.764096,4,"0;1;3;6"
Root_1972,106.915117,43.041856,3,"1;3;6"
Root_1973,23.579680,28.093696,3,"0;3;6"
Root_1974,129.224694,47.671456,2,"3;6"
Root_1975,14.073632,23.751744,4,"0;1;2;6"
Root_1976,108.795213,44.029504,3,"1;2;6"
Root_1977,19.088160,29.081344,3,"0;2;6"
Root_1978,134.409686,48.659104,2,"2;6"
Root_1979,17.140448,24.677664,3,"0;1;6"
Root_1980,110.724813,44.955424,2,"1;6"
Root_1981,22.606816,30.007264,2,"0;6"
Root_1982,137.491126,49.585024,1,"6"
Root_1983,11.209613,20.498678,6,"0;1;2;3;4;5"
Root_1984,99.698995,40.776438,5,"1;2;3;4;5"
Root_1985,13.289731,25.828278,5,"0;2;3;4;5"
Root_1986,122.436970,45.406038,4,"2;3;4;5"
Root_1987,15.599619,21.424598,5,"0;1;3;4;5"
Root_1988,100.806387,41.702358,4,"1;3;4;5"
Root_1989,18.221690,26.754198,4,"0;3;4;5"
Root_1990,125.066570,46.331958,3,"3;4;5"
Root_1991,11.209613,22.412246,5,"0;1;2;4;5"
Root_1992,102.327347,42.690006,4,"1;2;4;5"
Root_1993,12.845146,27.741846,4,"0;2;4;5"
Root_1994,129.262826,47.319606,3,"2;4;5"
Root_1995,14.461453,23.338166,4,"0;1;4;5"
Root_1996,104.031027,43.615926,3,"1;4;5"
Root_1997,17.248826,28.667766,3,"0;4;5"
Root_1998,132.118346,48.245526,2,"4;5"
Root_1999,18.314403,22.720886,5,"0;1;2;3;5"
Root_2000,112.180541,42.998646,4,"1;2;3;5"
Root_2001,22.932762,28.050486,4,"0;2;3;5"
Root_2002,135.103699,47.628246,3,"2;3;5"
Root_2003,22.266243,23.646806,4,"0;1;3;5"
Root_2004,112.958301,43.924566,3,"1;3;5"
Root_2005,27.110522,28.976406,3,"0;3;5"
Root_2006,137.033299,48.554166,2,"3;5"
Root_2007,16.579949,24.634454,4,"0;1;2;5"
Root_2008,116.091475,44.912214,3,"1;2;5"
Root_2009,22.659898,29.964054,3,"0;2;5"
Root_2010,141.929555,49.541814,2,"2;5"
Root_2011,18.905869,25.560374,3,"0;1;5"
Root_2012,118.021075,45.838134,2,"1;5"
Root_2013,26.137658,30.889974,2,"0;5"
Root_2014,144.552810,50.467734,1,"5"
Root_2015,15.740186,22.041878,5,"0;1;2;3;4"
Root_2016,106.155869,42.319638,4,"1;2;3;4"
Root_2017,20.216730,27.371478,4,"0;2;3;4"
Root_2018,127.721011,46.949238,3,"2;3;4"
Root_2019,22.329219,22.967798,4,"0;1;3;4"
Root_2020,109.033629,43.245558,3,"1;3;4"
Root_2021,25.794490,28.297398,3,"0;3;4"
Root_2022,131.050611,47.875158,2,"3;4"
Root_2023,14.684739,23.955446,4,"0;1;2;4"
Root_2024,109.017427,44.233206,3,"1;2;4"
Root_2025,19.943866,29.285046,3,"0;2;4"
Root_2026,135.039306,48.862806,2,"2;4"
Root_2027,18.947853,24.881366,3,"0;1;4"
Root_2028,112.347027,45.159126,2,"1;4"
Root_2029,24.121626,30.210966,2,"0;4"
Root_2030,138.820746,49.788726,1,"4"
Root_2031,22.944003,24.264086,4,"0;1;2;3"
Root_2032,117.327421,44.541846,3,"1;2;3"
Root_2033,29.638736,29.593686,3,"0;2;3"
Root_2034,139.336979,49.171446,2,"2;3"
Root_2035,33.195843,25.190006,3,"0;1;3"
Root_2036,122.531101,45.467766,2,"1;3"
Root_2037,37.483322,30.519606,2,"0;3"
Root_2038,143.689866,50.097366,1,"3"
Root_2039,19.844003,26.177654,3,"0;1;2"
Root_2040,121.869341,46.455414,2,"1;2"
Root_2041,29.365872,31.507254,2,"0;2"
Root_2042,148.961078,51.085014,1,"2"
Root_2043,28.799418,27.103574,2,"0;1"
Root_2044,125.898941,47.381334,1,"1"
Root_2045,51.910458,32.433174,1,"0"
Root_2046,154.120278,52.010934,0,""
